SalePrice,OverallQual,GrLivArea,YearRemodAdd,TotalBsmtSF,1stFlrSF,BedroomAbvGr,TotalBath,TotRmsAbvGrd,GarageCars
208500,7,1710,2003,856,856,3,2.5,8,2
181500,6,1262,1976,1262,1262,3,2.0,6,2
223500,7,1786,2002,920,920,3,2.5,6,2
140000,7,1717,1970,756,961,3,1.0,7,3
250000,8,2198,2000,1145,1145,4,2.5,9,3
143000,5,1362,1995,796,796,1,1.5,5,2
307000,8,1694,2005,1686,1694,3,2.0,7,2
200000,7,2090,1973,1107,1107,3,2.5,7,2
129900,7,1774,1950,952,1022,2,2.0,8,2
118000,5,1077,1950,991,1077,2,1.0,5,1
129500,5,1040,1965,1040,1040,3,1.0,5,1
345000,9,2324,2006,1175,1182,4,3.0,11,3
144000,5,912,1962,912,912,2,1.0,4,1
279500,7,1494,2007,1494,1494,3,2.0,7,3
157000,6,1253,1960,1253,1253,2,1.5,5,1
132000,7,854,2001,832,854,2,1.0,5,2
149000,6,1004,1970,1004,1004,2,1.0,5,2
90000,4,1296,1967,0,1296,2,2.0,6,2
159000,5,1114,2004,1114,1114,3,1.5,6,2
139000,5,1339,1965,1029,1339,3,1.0,6,1
325300,8,2376,2006,1158,1158,4,3.5,9,3
139400,7,1108,1950,637,1108,3,1.0,6,1
230000,8,1795,2002,1777,1795,3,2.0,7,2
129900,5,1060,1976,1040,1060,3,1.0,6,2
154000,5,1060,2001,1060,1060,3,1.0,6,1
256300,8,1600,2007,1566,1600,3,2.0,7,3
134800,5,900,2000,900,900,3,1.0,5,2
306000,8,1704,2008,1704,1704,3,2.0,7,3
207500,5,1600,1997,1484,1600,2,1.0,6,1
68500,4,520,1950,520,520,1,1.0,4,1
40000,4,1317,1950,649,649,3,1.0,6,1
149350,5,1228,2006,1228,1228,3,1.5,6,1
179900,8,1234,2007,1234,1234,3,2.0,7,2
165500,5,1700,1959,1398,1700,4,1.5,6,2
277500,9,1561,2005,1561,1561,2,2.0,6,2
309000,8,2452,2005,1117,1132,4,3.5,9,3
145000,5,1097,1995,1097,1097,3,1.5,6,2
153000,5,1297,1990,1297,1297,3,1.0,5,2
109000,5,1057,2007,1057,1057,3,1.0,5,1
82000,4,1152,1955,0,1152,2,2.0,6,0
160000,6,1324,1965,1088,1324,3,2.0,6,2
170000,5,1328,1959,1350,1328,2,1.5,5,1
144000,5,884,1983,840,884,2,1.0,5,2
130250,5,938,1980,938,938,3,1.0,5,1
141000,5,1150,1959,1150,1150,3,1.0,6,1
319900,9,1752,2005,1752,1752,2,2.0,6,2
239686,7,2149,2003,1434,1518,1,1.5,6,2
249700,8,1656,2006,1656,1656,3,2.0,7,3
113000,4,1452,2008,736,736,2,2.0,8,0
127000,5,955,1966,955,955,3,1.0,6,1
177000,6,1470,1997,794,794,3,2.0,6,2
114500,6,1176,1950,816,816,3,1.0,6,2
110000,5,816,1963,816,816,2,1.0,5,2
385000,9,1842,1987,1842,1842,0,0.5,5,3
130000,5,1360,1955,384,1360,3,1.0,6,2
180500,6,1425,1964,1425,1425,3,2.0,7,2
172500,8,1739,2000,970,983,3,2.5,7,2
196500,7,1720,2004,860,860,3,2.5,7,2
438780,10,2945,2006,1410,1426,3,3.5,10,3
124900,5,780,1972,780,780,2,1.0,4,1
158000,6,1158,2004,1158,1158,3,1.5,5,2
101000,5,1111,1996,530,581,3,1.0,6,1
202500,8,1370,2006,1370,1370,2,2.0,6,2
140000,7,1710,1950,576,902,3,2.0,9,2
219500,7,2034,1998,1057,1057,3,2.5,8,2
317000,8,2473,2005,1143,1143,4,2.5,9,3
180000,7,2207,1989,1947,2207,3,2.0,7,2
226000,7,1479,2003,1453,1479,3,2.0,7,2
80000,4,747,1950,747,747,2,1.0,4,1
225000,7,2287,1953,1304,1304,3,2.0,7,2
244000,7,2223,1973,2223,2223,3,2.0,8,2
129500,4,845,2006,845,845,2,1.0,4,2
185000,7,1718,1998,832,885,3,2.5,7,2
144900,5,1086,2003,1086,1086,3,1.0,6,2
107400,3,1605,1950,840,840,3,2.0,8,1
91000,4,988,1973,462,526,2,1.0,5,1
135750,4,952,1956,952,952,2,1.0,4,1
127000,5,1285,2001,672,1072,2,1.0,6,1
136500,4,1768,1968,1768,1768,4,2.0,8,0
110000,5,1230,1981,440,682,2,1.5,5,2
193500,6,2142,1968,896,1182,4,2.5,8,1
153500,6,1337,1998,1237,1337,2,2.0,5,2
245000,8,1563,2007,1563,1563,3,2.0,6,3
126500,5,1065,1960,1065,1065,3,1.5,6,2
168500,7,1474,1996,384,804,3,2.5,7,2
260000,8,2417,1992,1288,1301,4,2.5,9,2
174000,6,1560,2005,684,684,3,2.5,6,2
164500,6,1224,2009,612,612,2,2.5,4,2
85000,3,1526,1982,1013,1013,2,1.0,6,0
123600,4,990,1995,990,990,3,1.0,5,0
109900,4,1040,1950,0,1040,2,1.0,4,2
98600,5,1235,1961,1235,1235,2,1.0,6,2
163500,5,964,2006,876,964,2,1.0,5,2
133900,6,2291,1998,1214,1260,4,2.0,9,2
204750,6,1786,1997,824,905,3,2.5,7,2
185000,6,1470,1993,680,680,3,2.5,6,2
214000,7,1588,1999,1588,1588,3,2.0,6,2
94750,4,960,1965,960,960,3,1.0,6,1
83000,5,835,1950,458,835,2,1.0,5,1
128950,4,1225,1959,950,1225,3,1.5,6,0
205000,6,1610,2001,1610,1610,3,2.0,6,2
178000,6,1732,1985,741,977,3,2.5,7,2
118964,5,1535,1979,0,1535,4,2.0,8,2
198900,7,1226,2009,1226,1226,3,2.0,6,3
169500,7,1818,1950,1040,1226,4,1.5,7,1
250000,8,1992,2004,1053,1053,3,2.5,9,2
100000,4,1047,1995,641,1047,2,1.0,6,1
115000,5,789,1950,789,789,2,1.0,5,1
115000,5,1517,2005,793,997,3,2.0,7,0
190000,6,1844,1977,1844,1844,3,2.0,7,2
136900,6,1855,1972,994,1216,4,2.0,7,1
180000,7,1430,2000,384,774,3,2.5,7,2
383970,7,2696,2007,1264,1282,4,2.5,10,3
217000,6,2259,1953,1809,2259,3,2.0,7,2
259500,6,2320,2002,1028,1436,3,2.5,9,1
176000,6,1458,1999,729,729,2,2.5,5,2
139000,5,1092,1962,1092,1092,3,1.0,6,1
155000,5,1125,2007,1125,1125,2,1.5,5,2
320000,7,3222,1990,1673,1699,5,3.0,11,3
163990,6,1456,2006,728,728,3,2.5,8,2
180000,6,988,1969,938,988,1,1.0,4,2
100000,4,1123,1950,732,772,3,1.0,4,1
136000,6,1080,1958,1080,1080,3,1.0,5,1
153900,6,1199,1993,1199,1199,2,2.0,5,2
181000,6,1586,1998,1362,1586,3,2.0,7,2
84500,6,754,1982,520,520,2,1.0,5,0
128000,6,958,1976,1078,958,2,2.0,5,2
87000,5,840,1950,672,840,3,1.0,5,0
155000,6,1348,1966,660,660,3,1.5,6,2
150000,5,1053,1991,1008,1053,3,1.5,6,2
226000,7,2157,1966,924,1216,4,2.5,8,2
244000,6,2054,2000,992,1022,3,2.5,7,2
150750,5,1327,2002,1063,1327,3,1.0,7,2
220000,8,1296,2002,1267,1296,2,2.0,6,2
180000,5,1721,1993,1461,1721,3,2.5,7,2
174000,7,1682,1970,1304,1682,3,2.0,7,2
143000,5,1214,1967,1214,1214,3,2.0,5,1
171000,7,1959,1989,1907,1959,5,3.0,9,3
230000,8,1852,2000,1004,1004,3,2.5,7,3
231500,6,1764,1997,928,928,3,2.5,7,2
115000,4,864,1971,864,864,3,1.0,5,0
260000,7,1734,2005,1734,1734,3,2.0,7,2
166000,5,1385,1952,910,910,4,2.0,6,2
204000,7,1501,1999,1490,1501,3,2.0,6,2
125000,5,1728,1963,1728,1728,6,2.0,10,2
130000,6,1709,2006,970,970,3,2.0,7,2
105000,5,875,1993,715,875,2,1.0,5,1
222500,7,2035,2001,884,884,3,2.5,8,2
141000,7,1080,2005,1080,1080,3,1.0,6,0
115000,5,1344,1950,896,896,3,1.0,7,1
122000,5,969,1975,969,969,3,1.5,5,2
372402,8,1710,2008,1710,1710,2,2.0,6,3
190000,6,1993,1971,825,1097,4,2.5,8,2
235000,6,1252,1975,1602,1252,1,1.0,4,2
125000,6,1200,1950,1200,1200,4,1.0,7,1
79000,6,1096,1950,572,572,2,1.0,5,0
109500,5,1040,1950,0,1040,2,1.0,5,2
269500,8,1968,2010,774,774,4,2.5,8,3
254900,7,1947,2005,991,991,3,2.5,8,2
320000,7,2462,2006,1392,1392,4,2.5,9,2
162500,6,1232,1984,1232,1232,3,2.0,6,2
412500,9,2668,2004,1572,1572,3,2.5,10,3
220000,7,1541,2005,1541,1541,3,2.0,7,2
103200,4,882,1956,882,882,1,1.0,4,0
152000,6,1616,2004,1149,1149,3,2.0,5,1
127500,5,1355,1999,644,808,4,2.0,6,0
190000,5,1867,1993,1617,1867,2,1.0,7,1
325624,8,2161,2007,1582,1610,3,1.5,8,3
183500,7,1720,2004,840,840,3,2.5,7,2
228000,8,1707,1981,1686,1707,2,2.5,6,2
128500,5,1382,1950,720,854,2,1.5,7,2
215000,6,1656,1960,1080,1656,3,1.0,7,2
239000,7,1767,1987,1064,1064,2,2.0,5,2
163000,6,1362,1961,1362,1362,3,1.5,6,2
184000,6,1651,1986,1606,1651,3,2.0,7,2
243000,6,2158,2001,1202,2158,4,2.0,7,2
211000,6,2060,1989,1151,1164,4,2.5,8,2
172500,5,1920,1958,1052,1252,4,2.0,8,2
501837,9,2234,2009,2216,2234,1,2.0,9,3
100000,5,968,2006,968,968,2,1.0,5,2
177000,6,1525,2000,756,769,3,2.5,5,2
200100,7,1802,1950,793,901,4,1.5,9,1
120000,5,1340,2006,0,1340,3,1.0,7,1
200000,7,2082,2003,1362,1362,3,2.5,6,2
127000,5,1252,1991,504,936,3,1.0,5,2
475000,10,3608,1993,1107,1518,4,2.5,12,3
173000,7,1217,1991,1188,1217,3,2.0,6,2
135000,5,1656,1987,660,808,3,2.5,8,1
153337,5,1224,1979,1086,1224,2,1.0,6,2
286000,8,1593,2002,1593,1593,0,1.5,5,2
315000,8,2727,1994,853,1549,3,2.5,10,2
184000,7,1479,2004,725,725,4,1.5,7,2
192000,7,1431,1999,1431,1431,3,2.0,6,2
130000,7,1709,2004,970,970,3,2.0,7,2
127000,5,864,1972,864,864,3,1.0,5,1
148500,6,1456,1976,855,855,3,2.5,7,2
311872,7,1726,2007,1726,1726,3,2.0,8,3
235000,8,3112,1990,1360,1360,4,2.0,8,2
104000,6,2229,1950,755,929,5,1.0,8,0
274900,8,1713,2005,1713,1713,3,2.0,7,3
140000,4,1121,2004,1121,1121,2,2.0,5,2
171500,6,1279,1977,1196,1279,3,2.0,6,2
112000,6,1310,1950,617,865,2,2.0,6,1
149000,6,848,2004,848,848,1,1.0,3,2
110000,5,1284,1950,720,720,2,1.5,5,1
180500,7,1442,1990,1424,1442,3,2.0,5,2
143900,5,1696,1962,1140,1696,3,1.5,8,1
141000,4,1100,1960,1100,1100,3,1.0,6,1
277000,7,2062,1989,1157,1180,3,2.5,7,2
145000,6,1092,1964,1092,1092,3,1.0,6,2
98000,5,864,1950,864,864,2,1.0,5,0
186000,6,1212,2009,1212,1212,3,2.0,6,2
252678,7,1852,2009,900,932,3,2.5,7,2
156000,5,990,1995,990,990,3,1.0,5,2
161750,6,1392,1977,689,689,3,1.5,6,1
134450,5,1236,1996,1070,1236,2,1.0,6,1
210000,7,1436,2004,1436,1436,3,2.0,8,2
107000,4,1328,1950,686,810,3,1.0,8,1
311500,7,1954,2006,798,1137,3,1.5,8,2
167240,7,1248,2006,1248,1248,2,2.0,5,2
204900,7,1498,2006,1498,1498,2,2.0,5,2
200000,6,2267,2002,1010,1010,4,2.5,8,2
179900,6,1552,1975,713,811,3,2.5,6,2
97000,4,864,1971,864,864,2,1.0,4,2
386250,10,2392,2003,2392,2392,3,2.0,8,3
112000,5,1302,1971,630,630,3,2.5,6,1
290000,7,2520,1995,1203,1214,4,2.5,9,3
106000,6,987,1970,483,483,2,1.5,5,1
125000,5,912,1967,912,912,3,1.0,5,1
192500,7,1555,2006,1373,1555,2,2.0,7,2
148000,6,1194,1959,1194,1194,3,1.0,6,1
403000,8,2794,1996,1462,1490,4,2.5,9,3
94500,6,987,1972,483,483,2,1.5,5,1
128200,5,894,1976,894,894,3,1.0,5,1
216500,6,1960,2002,860,860,4,2.5,8,2
89500,6,987,1971,483,483,2,1.5,5,1
185500,7,1414,2004,1414,1414,3,2.0,6,2
194500,7,1744,2003,996,1014,3,2.5,7,2
318000,8,1694,2007,1694,1694,3,2.0,7,3
113000,6,1487,1950,735,798,3,1.5,7,1
262500,8,1566,2008,1566,1566,3,2.0,7,2
110500,5,866,1997,686,866,2,1.0,4,0
79000,5,1440,1950,540,889,3,1.0,6,1
120000,6,1217,1980,626,626,3,1.5,6,1
205000,7,2110,2002,948,1222,3,2.5,8,2
241500,7,1872,1988,1845,1872,3,2.0,6,2
137000,6,1928,1950,1020,908,4,2.0,9,1
140000,6,1375,1954,1367,1375,2,1.0,5,2
180000,7,1668,2003,840,840,3,2.5,8,2
277000,6,2144,2006,1444,1444,4,2.0,7,2
76500,3,1306,1966,728,1306,3,1.0,6,0
235000,8,1625,2007,1573,1625,2,2.0,5,2
173000,6,1640,2004,798,798,3,2.5,6,2
158000,6,1302,1991,1302,1302,3,2.0,7,1
145000,5,1314,1957,1314,1314,3,1.0,5,1
230000,7,2291,1999,975,1005,4,2.5,8,2
207500,6,1728,2003,864,864,3,2.5,7,2
220000,7,1604,2006,1604,1604,3,2.5,8,2
231500,7,1792,2001,963,963,3,2.5,7,2
97000,5,882,1956,0,882,2,1.0,4,1
176000,6,1382,1962,1362,1382,3,1.0,6,2
276000,8,2574,2007,1482,1482,3,2.5,10,3
151000,6,1212,1995,506,1212,3,1.0,6,2
130000,5,1316,2001,926,926,3,1.0,6,2
73000,5,764,2004,680,764,2,1.0,4,2
175500,6,1422,1981,1422,1422,3,2.0,7,2
185000,6,1511,1997,802,802,3,2.5,8,2
179500,5,2192,1997,720,1052,4,2.5,8,1
120500,5,778,1955,740,778,2,1.0,4,1
148000,6,1113,1976,1143,1113,3,1.5,6,1
266000,8,1939,2006,1095,1095,3,2.5,8,3
241500,7,1363,2005,1385,1363,2,1.0,5,2
290000,8,2270,2007,1152,1164,4,2.5,9,3
139000,6,1632,1988,1240,1632,3,2.0,6,1
124500,5,816,1982,816,816,2,1.0,5,1
205000,7,1548,2007,952,952,3,2.5,5,2
201000,7,1560,2003,1560,1560,3,2.0,7,2
141000,4,864,1951,864,864,2,1.0,4,2
415298,9,2121,2007,2121,2121,3,2.5,8,3
192000,7,2022,1977,1160,1156,4,2.5,8,2
228500,7,1982,1989,807,1175,3,2.5,7,2
185000,6,1262,2006,1262,1262,2,2.0,5,2
207500,7,1314,2008,1314,1314,2,2.0,6,2
244600,8,1468,2009,1468,1468,3,2.0,6,3
179200,6,1575,1992,1575,1575,2,2.0,5,2
164700,7,1250,2007,625,625,2,2.5,5,2
159000,6,1734,1981,912,1085,3,1.5,7,2
88000,4,858,1971,858,858,3,1.0,5,0
122000,5,900,1967,882,900,3,1.0,5,1
153575,6,1396,2003,698,698,3,1.0,7,1
233230,8,1919,2006,1079,1079,3,2.5,8,2
135900,5,1716,2000,780,936,6,2.0,9,0
131000,5,1716,2008,768,1148,3,1.5,8,1
235000,7,2263,1994,795,1468,3,2.5,9,2
167000,6,1644,1953,1416,1644,3,1.0,7,2
142500,6,1003,1984,1003,1003,3,1.0,6,2
152000,5,1558,1950,910,910,4,1.5,6,1
239000,7,1950,1998,975,975,3,2.5,7,2
175000,6,1743,1968,702,1041,3,2.0,7,2
158500,6,1152,2004,1092,1152,3,1.0,6,1
157000,5,1336,1953,1165,1336,2,1.0,5,1
267000,8,2452,1999,1028,1210,4,2.5,9,2
205000,7,1541,2002,1541,1541,3,2.0,6,3
149900,5,894,1972,894,894,3,1.0,5,2
295000,7,3493,2002,1470,1675,3,3.0,10,3
305900,8,2000,2005,2000,2000,3,2.0,8,3
225000,7,2243,1991,700,1122,4,2.5,8,3
89500,6,1406,1950,319,1035,3,1.0,6,0
82500,4,861,1950,861,861,1,1.0,4,2
360000,9,1944,2004,1896,1944,3,2.0,8,3
165600,6,1501,1994,697,697,3,2.5,6,2
132000,6,972,2002,972,972,2,1.0,5,1
119900,5,1118,1950,793,793,3,1.0,5,2
375000,7,2036,1965,2136,2036,3,2.0,8,2
178000,7,1641,1990,728,832,3,1.5,6,2
188500,7,1432,2005,716,716,3,2.5,6,2
260000,7,2353,1980,845,1153,4,2.5,10,2
270000,8,1959,2006,1088,1088,3,2.5,8,3
260000,7,2646,1993,1347,1372,4,2.5,9,3
187500,7,1472,1980,1372,1472,3,2.0,6,2
342643,9,2596,2006,1249,1249,4,3.5,9,3
354000,8,2468,2004,1136,1136,4,2.5,10,3
301000,7,2730,1987,1502,1553,4,2.5,8,2
126175,3,1163,2005,1162,1163,3,1.0,6,1
242000,7,2978,2007,710,1898,5,2.5,11,2
87000,5,803,1950,720,803,2,1.0,5,2
324000,8,1719,1993,1719,1719,1,1.5,6,2
145250,6,1383,1960,1383,1383,3,1.5,7,1
214500,6,2134,1994,844,1445,5,2.0,10,2
78000,5,1192,1950,596,596,3,1.0,6,1
119000,5,1728,1964,1728,1728,6,2.0,10,1
139000,5,1056,1992,1056,1056,3,1.0,6,1
284000,8,1629,2004,3206,1629,3,2.0,7,3
207000,7,1358,2004,1358,1358,2,2.0,6,2
192000,6,1638,1998,943,943,3,2.5,7,2
228950,5,1786,1965,1499,1619,3,2.0,7,2
377426,9,1922,2006,1922,1922,3,2.0,8,3
214000,7,1536,2003,1536,1536,3,2.0,7,2
202500,7,1621,1998,1208,1621,3,2.0,8,2
155000,6,1215,1998,1215,1215,3,1.0,6,1
202900,8,1908,2002,967,993,4,2.5,9,2
82000,4,841,1950,721,841,2,1.0,4,1
87500,3,1040,1950,0,1040,2,2.0,6,2
266000,9,1684,2005,1684,1684,2,2.0,6,2
85000,5,1112,1976,536,536,3,1.5,4,1
140200,6,1577,1950,972,972,3,1.0,6,1
151500,6,958,1998,958,958,2,1.0,5,1
157500,6,1478,1960,1478,1478,3,2.0,6,2
154000,7,1626,2004,764,764,2,2.5,6,2
437154,9,2728,2006,1848,1848,4,2.5,10,3
318061,9,1869,2007,1869,1869,2,2.0,6,2
190000,7,1453,1986,1453,1453,2,1.5,6,2
95000,5,1111,1950,616,616,3,1.0,5,1
105900,6,720,2003,624,720,2,1.0,5,2
140000,6,1595,2000,940,1192,2,1.0,6,1
177500,6,1200,1995,1200,1200,3,2.0,6,2
173000,6,1167,1992,1158,1167,3,2.0,6,2
134000,5,1142,1976,1142,1142,3,1.5,6,2
130000,5,1352,1958,1062,1352,3,1.0,6,1
280000,8,1924,1998,1086,1086,3,2.5,7,2
156000,6,912,1978,888,912,2,1.0,5,2
145000,5,1505,1982,883,988,3,1.0,8,1
198500,7,1922,2003,0,495,4,3.0,7,2
118000,6,987,2007,483,483,2,1.5,5,1
190000,6,1574,1976,796,790,3,2.5,6,2
147000,5,1344,1997,672,672,3,1.0,6,1
159000,6,1394,1963,1394,1394,3,1.5,6,2
165000,6,1431,1962,1099,1431,3,1.0,6,1
132000,5,1268,1954,1268,1268,2,1.0,7,1
162000,5,1287,2006,1063,1287,3,1.0,7,2
172400,6,1664,2000,953,953,3,2.5,7,2
134432,4,1588,1959,0,1120,4,2.0,7,2
125000,6,752,1984,744,752,2,1.0,4,1
123000,5,1319,1953,608,1319,3,1.0,5,1
219500,7,1928,2004,847,847,4,2.5,8,2
61000,1,904,1950,683,904,1,0.5,4,0
148000,5,914,1996,870,914,2,1.0,5,2
340000,8,2466,2005,1580,1580,4,3.0,8,2
394432,9,1856,2010,1856,1856,1,1.5,8,3
179000,6,1800,2000,982,1007,3,2.5,7,2
127000,5,1691,1950,1026,1026,3,2.0,6,1
187750,7,1301,2006,1293,1301,2,2.0,5,2
213500,7,1797,2006,939,939,3,2.5,8,2
76000,6,784,1950,784,784,2,1.0,5,2
240000,6,1953,1992,1580,1079,3,2.5,9,2
192000,8,1269,2005,1256,1269,2,2.0,6,2
81000,5,1184,1996,658,658,5,1.0,8,0
125000,6,1125,1976,1041,1125,3,1.0,6,1
191000,7,1479,2000,1468,1479,3,2.0,6,2
426000,10,2332,2008,1682,1742,3,2.5,9,3
119000,5,1367,1950,861,961,4,1.0,7,1
215000,6,1961,2002,804,804,3,2.5,7,2
106500,5,882,1959,0,882,3,1.0,5,1
100000,4,788,1950,788,788,2,1.0,4,0
109000,5,1034,1950,735,735,2,1.0,5,1
129000,5,1144,1956,1144,1144,3,1.0,6,1
123000,5,894,1972,894,894,2,1.0,6,2
169500,5,1812,1962,864,876,4,2.0,8,1
67000,5,1077,1950,961,1077,2,1.0,6,1
241000,7,1550,2007,1092,1112,2,2.0,7,2
245500,8,1288,1996,1260,1288,1,1.5,4,2
164990,7,1310,2005,1310,1310,3,2.0,6,2
108000,5,672,1997,672,672,2,1.0,4,1
258000,8,2263,1998,1141,1165,4,2.5,10,2
168000,6,1572,1996,806,806,3,2.5,7,2
150000,4,1620,1993,1281,1620,3,2.0,8,2
115000,6,1639,1950,1064,1166,3,1.0,6,1
177000,6,1680,1976,840,840,4,2.0,8,1
280000,7,2172,2006,1063,1071,3,2.5,9,3
339750,8,2078,2008,1034,1050,3,2.5,8,3
60000,5,1276,1958,1276,1276,3,1.0,5,1
145000,5,1056,1955,1056,1056,3,1.0,5,2
222000,7,1478,2009,1470,1478,2,2.5,7,2
115000,5,1028,1950,1008,1028,2,1.0,5,2
228000,7,2097,1993,1080,1080,3,2.5,9,3
181134,7,1340,2007,1340,1340,3,2.0,6,2
149500,6,1400,1978,672,672,3,1.5,6,2
239000,6,2624,1950,1370,1370,4,2.5,10,3
126000,5,1134,1950,756,756,3,1.5,7,1
142000,5,1056,1968,1056,1056,3,1.0,6,1
206300,7,1344,1998,1344,1344,2,2.0,8,4
215000,6,1602,2000,1602,1602,3,2.0,8,2
113000,5,988,1954,988,988,2,1.0,4,2
315000,8,2630,1998,1470,1470,4,2.5,8,3
139000,6,1196,1956,1196,1196,2,1.0,6,1
135000,7,1389,1992,651,707,3,1.5,6,1
275000,7,1644,1989,1518,1644,2,2.0,5,2
109008,4,907,1957,907,907,3,1.0,5,1
195400,7,1208,2007,1208,1208,2,2.0,6,2
175000,6,1412,1988,1392,1412,3,2.0,6,2
85400,6,987,1971,483,483,2,1.5,4,1
79900,6,1198,1998,901,1088,4,1.0,7,0
122500,5,1365,1971,765,765,2,1.5,6,2
181000,6,1604,1998,926,926,3,2.5,7,2
81000,4,630,1972,630,630,1,1.0,3,0
212000,7,1661,1996,799,827,3,2.5,6,2
116000,6,1118,1950,648,734,2,1.0,6,2
119000,6,904,2004,884,904,2,1.0,4,1
90350,5,694,2002,440,694,2,1.0,4,1
110000,6,1196,2000,684,684,3,1.0,7,2
555000,10,2402,2008,3094,2402,2,2.0,10,3
118000,4,1440,1955,1440,1440,4,2.0,8,0
162900,5,1573,1992,1078,1128,3,2.0,8,2
172500,7,1258,2007,1258,1258,2,2.0,6,3
210000,7,1908,1995,915,933,4,2.5,8,2
127500,6,1689,1956,1436,1689,3,1.0,7,2
190000,6,1888,2002,1517,1888,2,2.5,6,2
199900,7,1886,1999,930,956,4,2.5,10,2
119500,6,1376,1950,780,780,3,2.0,7,1
120000,3,1183,2002,649,679,2,1.5,6,1
110000,6,813,2005,813,813,2,1.0,5,1
280000,7,1533,1975,1533,1533,2,2.0,5,2
204000,6,1756,1997,872,888,3,2.5,7,2
210000,8,1590,2008,768,786,3,2.5,6,2
188000,5,1728,1976,1728,1728,4,2.0,8,2
175500,7,1242,1973,1242,1242,3,1.5,6,2
98000,5,1344,1950,624,624,4,1.0,7,3
256000,4,1663,1994,1364,1663,2,1.0,6,2
161000,8,1666,1996,588,833,3,1.0,7,1
110000,5,1203,1950,709,979,3,1.0,5,1
263435,8,1935,2009,832,832,3,2.5,8,2
155000,7,1135,2007,560,575,3,1.0,6,2
62383,5,864,1965,864,864,3,1.0,5,1
188700,6,1660,1995,715,849,3,1.5,6,1
124000,5,1040,1978,1040,1040,3,2.0,5,0
178740,7,1414,2004,1375,1414,2,2.0,6,2
167000,7,1277,1970,1277,1277,2,1.0,5,2
146500,5,1644,1995,728,888,3,1.5,7,1
250000,8,1634,2006,1626,1634,3,2.0,7,3
187000,6,1710,1993,832,832,3,2.5,7,2
212000,8,1502,1985,1488,1502,1,1.5,4,2
190000,7,1969,1977,808,1161,3,2.5,8,2
148000,6,1072,2005,547,1072,2,1.0,5,2
440000,8,1976,2007,1976,1976,2,2.0,7,3
251000,8,1652,2000,1494,1652,2,2.0,6,2
132500,5,970,1963,970,970,2,1.0,5,2
208900,6,1493,1998,1478,1493,3,2.0,7,2
380000,9,2643,2006,2153,2069,3,2.5,9,3
297000,8,1718,2008,1705,1718,3,2.0,7,3
89471,4,1131,2000,907,1131,2,1.0,7,2
326000,9,1850,2005,1833,1850,3,2.0,8,3
374000,9,1792,2004,1792,1792,2,2.0,6,3
155000,7,1826,2005,910,916,4,1.5,7,1
164000,6,1216,1998,1216,1216,2,2.0,5,2
132500,5,999,2001,999,999,3,1.0,6,1
147000,5,1113,2007,1113,1113,3,1.0,5,1
156000,5,1073,1965,1073,1073,3,1.5,6,2
175000,5,1484,1971,1484,1484,3,2.0,7,2
160000,5,2414,1970,954,1766,3,2.0,10,2
86000,4,630,2002,630,630,1,1.0,3,1
115000,5,1304,1976,264,616,3,1.5,4,1
133000,6,1578,1950,806,958,3,1.0,5,1
172785,6,1456,2006,728,728,3,2.5,8,2
155000,5,1269,1960,1269,1269,3,1.5,6,1
91300,5,886,1996,190,886,2,1.0,4,1
34900,4,720,1950,720,720,2,1.0,4,0
430000,8,3228,1993,3200,3228,4,3.0,10,2
184000,7,1820,1950,1026,1133,4,2.0,8,1
130000,5,899,2004,864,899,3,1.0,5,1
120000,5,912,1985,912,912,2,1.0,5,1
113000,6,1218,1973,672,672,3,1.5,7,1
226700,7,1768,2005,866,866,3,2.5,7,2
140000,5,1214,1965,1214,1214,2,1.0,6,2
289000,7,1801,1997,1501,1801,1,2.0,6,2
147000,6,1322,1974,855,855,3,2.5,6,2
124500,5,1960,1952,960,960,4,2.0,10,2
215000,8,1911,1994,777,1065,3,2.5,8,2
208300,6,1218,2009,1218,1218,2,2.0,4,2
161000,7,1378,2005,689,689,3,2.0,7,2
124500,5,1041,1959,1041,1041,3,1.0,6,1
164900,5,1363,2000,1008,1363,2,1.0,6,1
202665,7,1368,2006,1368,1368,2,2.0,6,2
129900,5,864,1958,864,864,3,1.0,5,2
134000,6,1080,1983,1084,1080,3,1.5,5,2
96500,5,789,1950,768,789,2,1.0,5,1
402861,10,2020,2009,2006,2020,3,2.5,9,3
158000,6,2119,1972,689,1378,3,2.5,7,2
265000,7,2344,1997,1264,1277,3,2.5,7,3
211000,6,1796,1998,794,882,3,2.5,7,2
234000,7,2080,2004,1276,1276,3,1.5,9,1
106250,4,1294,2000,0,694,3,2.0,7,0
150000,6,1244,1957,1244,1244,3,1.5,6,1
159000,6,1664,1950,1004,1004,3,2.0,7,2
184750,10,4676,2008,3138,3138,3,3.5,11,3
315750,7,2398,1997,1379,1383,3,2.5,8,3
176000,7,1266,2005,1257,1266,3,2.0,6,2
132000,5,928,2000,928,928,2,1.0,4,1
446261,9,2713,2008,1452,1476,3,2.5,11,3
86000,4,605,2002,528,605,2,1.0,5,0
200624,6,2515,1975,2035,2515,4,3.0,9,2
175000,6,1509,1989,1461,1509,3,2.0,5,2
128000,6,1362,1999,611,751,3,2.0,6,2
107500,5,827,2007,0,827,2,1.0,5,1
39300,1,334,1950,0,334,1,1.0,2,0
178000,8,1414,2004,707,707,3,2.5,6,2
107500,5,1347,1991,1117,820,3,1.0,5,0
188000,7,1724,1999,880,880,3,2.5,8,2
111250,4,864,1972,864,864,3,1.0,5,2
158000,5,1159,1968,1051,1159,3,1.5,7,1
272000,8,1601,2002,1581,1601,3,2.0,6,2
315000,9,1838,2006,1838,1838,2,2.0,8,3
248000,8,2285,2000,969,997,4,2.5,8,3
213250,7,1680,1999,1650,1680,3,2.0,7,2
133000,7,767,1998,723,767,1,1.0,4,1
179665,7,1496,2006,654,664,3,2.5,7,2
229000,7,2183,1988,1204,1377,4,2.5,9,3
210000,6,1635,1950,1065,915,3,1.5,6,2
129500,5,768,1970,768,768,2,1.0,5,2
125000,5,825,1995,825,825,2,1.0,4,2
263000,7,2094,2004,912,912,4,2.5,8,2
140000,6,1069,1977,1069,1069,2,2.0,4,2
112500,5,928,1957,928,928,3,1.0,5,1
255500,8,1717,2006,1709,1717,3,2.0,7,3
108000,4,1126,2003,0,1126,2,2.0,5,2
284000,7,2046,2004,998,1006,3,2.5,8,3
113000,5,1048,1950,993,1048,2,1.0,5,1
141000,5,1092,1957,1092,1092,2,1.0,6,1
108000,4,1336,1950,637,897,3,1.5,7,1
175000,7,1446,1997,729,729,3,2.5,6,2
234000,7,1557,2004,1374,1557,2,2.0,7,2
121500,5,1392,1996,1392,1392,3,1.5,5,2
170000,5,1389,1975,1389,1389,2,1.0,6,2
108000,5,996,1969,996,996,3,1.0,6,0
185000,6,1674,1950,1163,1163,4,2.0,8,2
268000,7,2295,2000,1095,1166,4,2.5,9,2
128000,6,1647,1950,806,841,4,1.5,6,1
325000,9,2504,2007,1122,1134,4,2.5,11,3
214000,7,1535,2004,1517,1535,3,2.0,7,2
316600,8,2132,2009,1496,1496,1,1.5,5,2
135960,5,943,1979,943,943,2,1.0,4,2
142600,5,1728,1965,1728,1728,6,2.0,10,2
120000,6,864,1959,864,864,2,1.0,4,1
224500,7,1692,2009,846,846,3,2.5,6,2
170000,7,1430,2000,384,774,3,2.5,8,2
139000,5,1109,2005,372,576,3,1.0,5,1
118500,5,1216,1950,832,832,2,1.0,6,1
145000,7,1477,1950,861,877,3,2.0,6,1
164500,5,1320,1966,1164,1320,3,1.0,6,2
146000,7,1392,2007,689,703,2,2.0,5,2
131500,5,1795,1954,1050,1050,4,2.0,7,1
181900,6,1429,1987,1144,1429,3,1.0,7,2
253293,8,2042,2009,2042,2042,3,2.5,8,3
118500,6,816,1990,816,816,3,1.0,5,0
325000,10,2775,2000,1237,1521,3,3.5,9,2
133000,4,1573,1995,884,989,3,1.0,6,1
369900,8,2028,2006,1868,2028,2,2.0,7,3
130000,6,838,2000,816,838,2,1.0,5,1
137000,5,860,1982,840,860,2,1.0,4,2
143000,5,1473,2003,1437,1473,1,1.0,5,1
79500,5,935,1960,742,779,2,1.0,4,1
185900,7,1582,2004,770,770,3,2.5,6,2
451950,10,2296,2008,1722,1728,3,2.5,10,3
138000,5,816,2003,816,816,2,1.0,4,2
140000,6,848,2003,848,848,1,1.0,4,2
110000,5,924,1975,924,924,3,1.0,5,1
319000,8,1826,2006,1814,1826,3,2.0,7,3
114504,6,1368,1993,684,684,3,1.0,7,1
194201,7,1402,2007,1258,1402,2,1.0,7,3
217500,5,1647,1977,1430,1647,3,2.0,7,2
151000,6,1556,1980,716,716,3,2.5,6,2
275000,8,1904,2005,1058,1058,3,2.5,8,2
141000,6,1375,1950,780,780,3,1.5,6,1
220000,8,1915,1992,908,927,3,2.5,8,2
151000,7,1200,2005,600,600,2,2.5,4,2
221000,7,1494,2002,1494,1494,3,2.0,6,2
205000,7,1986,1990,768,1186,3,2.5,7,2
152000,5,1040,1996,1040,1040,3,1.0,6,2
225000,5,2008,2002,896,1112,3,3.0,8,1
359100,8,3194,1998,965,1940,4,2.5,10,2
118500,4,1029,1961,1029,1029,3,1.0,5,1
313000,9,2153,2000,1440,1476,3,2.5,8,3
148000,6,1032,1978,1032,1032,3,2.0,6,2
261500,8,1872,2001,1299,1299,3,2.5,7,2
147000,5,1120,2007,1120,1120,3,1.0,6,0
75500,4,630,1972,630,630,1,1.0,3,0
137500,6,1054,1963,936,1054,3,1.0,6,2
183200,6,1509,2003,783,807,3,2.5,7,2
105500,6,832,1954,832,832,2,1.0,4,2
314813,9,1828,2007,1822,1828,3,2.0,9,3
305000,8,2262,2003,1482,1482,4,2.5,10,3
67000,3,864,1950,864,864,2,1.0,5,0
240000,6,2614,1997,1522,1548,4,2.5,9,2
135000,5,980,1977,980,980,3,1.0,6,2
168500,6,1512,2000,756,756,2,2.5,4,2
165150,6,1790,1972,732,1012,4,2.0,8,2
160000,6,1116,1962,1116,1116,3,1.5,5,2
139900,5,1422,1978,978,1422,3,1.0,6,1
153000,6,1520,1972,1156,1520,3,1.0,7,1
135000,5,2080,1969,1040,1040,5,2.0,9,2
168500,6,1350,1964,1248,1350,3,1.5,6,2
124000,5,1750,1991,636,1089,3,1.0,8,1
209500,8,1554,2006,1554,1554,2,2.0,6,2
82500,7,1411,1977,1386,1411,3,2.0,6,2
139400,5,1056,2005,1056,1056,3,1.0,6,1
144000,6,1056,1980,1056,1056,0,0.0,4,2
200000,6,3395,1995,1440,1440,8,2.0,14,0
60000,2,800,1950,264,800,1,1.0,4,0
93000,5,1387,1954,811,811,3,2.0,7,1
85000,5,796,1950,796,796,2,1.0,4,0
264561,8,1567,2006,1520,1567,1,2.0,7,3
274000,8,1518,2004,1518,1518,1,1.5,6,2
226000,7,1929,2001,1057,1057,3,2.5,7,2
345000,8,2704,1995,1952,2000,4,2.5,9,2
152000,5,1620,1969,780,780,4,2.5,7,2
370878,9,1766,2009,1766,1766,2,2.5,7,3
143250,6,981,1971,981,981,3,1.5,5,2
98300,5,1048,1950,0,1048,3,1.0,7,2
155000,6,1094,1953,1094,1094,3,1.0,5,2
155000,6,1839,1966,756,1051,4,1.5,7,2
84500,4,630,1970,630,630,1,1.0,3,0
205950,7,1665,2007,813,822,3,2.5,7,2
108000,4,1510,1950,755,755,4,1.0,7,1
191000,7,1716,1996,880,909,2,2.5,7,2
135000,6,1469,1995,756,756,3,1.0,7,1
350000,8,2113,1995,2109,2113,2,2.5,7,3
88000,6,1092,1971,525,525,3,1.5,6,1
145500,5,1053,2006,1053,1053,3,1.5,5,1
149000,7,1502,2000,776,851,3,1.5,6,1
97500,6,1458,1950,912,912,3,1.0,6,1
167000,5,1486,1999,1486,1486,3,1.0,7,2
197900,7,1935,1976,793,1142,3,2.5,7,2
402000,8,2448,2005,1629,1686,4,2.5,8,3
110000,6,1392,1968,1392,1392,2,1.0,5,2
137500,4,1181,1972,1138,1181,3,2.0,6,2
423000,8,2097,2006,2077,2097,1,1.5,8,3
230500,8,1936,2000,1406,1454,3,2.5,7,2
129000,6,2380,1979,1021,1465,3,2.5,7,2
193500,6,1679,1998,1408,1679,3,2.0,7,2
168000,5,1437,1987,1188,1437,3,1.5,6,2
137500,4,1180,1950,700,1180,2,1.0,5,1
173500,6,1476,2005,738,738,3,2.5,7,2
103600,6,1369,1950,672,697,3,2.0,6,1
165000,6,1208,1977,1208,1208,3,1.5,6,2
257500,6,1839,2004,1477,1839,3,2.0,7,2
140000,6,1136,1965,1136,1136,3,1.0,5,1
148500,6,1441,1978,855,855,3,2.5,7,2
87000,4,1774,1950,1095,1095,4,2.0,8,3
109500,5,792,2006,768,792,2,1.0,5,1
372500,8,2046,2008,2046,2046,3,2.5,7,3
128500,5,988,1961,988,988,3,1.0,5,2
143000,6,923,1980,923,923,2,2.0,5,1
159434,5,1520,2000,793,848,3,1.0,6,1
173000,6,1291,1997,1291,1291,2,1.0,6,2
285000,9,1668,2002,1626,1668,3,2.0,7,3
221000,7,1839,1998,1195,1195,4,2.5,7,2
207500,7,2090,1984,1190,1190,3,2.0,6,2
227875,7,1761,2007,874,874,3,3.0,7,2
148800,7,1102,2004,551,551,2,2.5,4,2
392000,8,1419,2007,1419,1419,2,2.0,7,2
194700,6,1362,2006,1362,1362,2,2.0,6,2
141000,6,848,2004,848,848,1,1.0,3,2
755000,10,4316,1995,2444,2444,4,3.5,10,3
335000,7,2519,1990,1210,1238,4,2.5,9,2
108480,5,1073,1968,1073,1073,2,1.0,4,1
141500,5,1539,1950,927,1067,3,1.5,5,2
176000,6,1137,1987,1112,1137,2,2.0,5,2
89000,5,616,1950,616,616,2,1.0,4,1
123500,5,1148,1952,980,1148,2,1.0,6,1
138500,5,894,2009,894,894,3,1.0,5,1
196000,7,1391,2004,1391,1391,2,2.0,5,2
312500,8,1800,2002,1800,1800,3,2.0,7,3
140000,7,1164,1969,1164,1164,3,1.5,6,2
361919,8,2576,2006,1234,1264,4,2.5,10,3
140000,5,1812,1996,360,1032,4,2.0,8,2
213000,7,1484,2005,1473,1484,3,2.0,7,2
55000,4,1092,1950,0,372,3,2.0,7,0
302000,7,1824,2002,1643,1824,2,2.0,5,2
254000,8,1324,2006,1324,1324,2,2.0,6,2
179540,7,1456,2007,728,728,3,2.5,8,2
109900,5,904,1966,876,904,3,1.0,6,1
52000,3,729,2003,270,729,2,1.0,5,0
102776,4,1178,1950,859,859,2,1.0,7,1
189000,8,1228,1989,1228,1228,2,2.0,5,2
129000,4,960,1970,960,960,3,1.0,6,2
130500,6,1479,2005,725,725,3,2.5,6,2
165000,6,1350,1974,1064,1350,3,2.0,7,2
159500,7,2554,1998,718,1576,3,1.5,8,2
157000,5,1178,2000,1176,1178,3,1.5,5,2
341000,7,2418,1994,1311,1325,3,2.5,9,3
128500,5,971,1969,971,971,3,1.5,5,1
275000,8,1742,1985,1742,1742,2,2.0,5,2
143000,6,848,2004,848,848,1,1.0,3,2
124500,4,864,1970,864,864,3,1.0,5,2
135000,4,1470,1972,941,997,4,2.0,7,1
320000,9,1698,2008,1698,1698,3,2.0,8,3
120500,4,864,1970,864,864,3,1.0,5,2
222000,6,1680,2007,880,1680,3,2.0,5,2
194500,7,1232,2007,1232,1232,2,2.0,6,2
110000,5,1776,1958,1584,1776,4,2.0,9,3
103000,4,1208,1950,780,848,2,1.0,5,2
236500,8,1616,1996,1595,1616,2,2.0,5,2
187500,7,1146,2003,868,1146,3,2.0,6,2
222500,7,2031,1999,1153,1153,3,2.5,8,2
131400,5,1144,1983,864,1144,3,1.0,6,1
108000,5,948,1968,948,948,3,1.0,6,1
163000,7,1768,1970,880,880,2,1.5,6,2
93500,3,1040,1950,0,1040,2,2.0,6,2
239900,8,1801,2005,893,901,3,2.5,8,3
179000,5,1200,1988,1200,1200,3,3.0,5,0
190000,7,1728,2004,864,864,3,2.5,7,2
132000,5,1432,2002,264,768,2,2.0,7,2
142000,6,912,1996,912,912,3,1.0,5,1
179000,7,1349,2001,1349,1349,3,2.0,6,2
175000,5,1464,1999,520,1464,3,2.0,6,2
180000,8,1337,1993,1337,1337,2,2.0,5,2
299800,8,2715,1996,1142,1175,4,3.5,11,2
236000,7,2256,2000,952,980,4,2.5,8,2
265979,7,2640,2003,1240,1320,4,1.5,8,4
260400,7,1720,1996,1720,1720,3,2.0,7,2
98000,4,1529,1950,0,1088,4,2.0,9,1
96500,4,1140,2004,576,792,3,1.0,7,0
162000,7,1320,2003,660,660,3,2.5,6,2
217000,6,1494,1997,1479,1494,3,2.0,6,2
275500,8,2098,2005,1030,1038,3,2.5,8,3
156000,6,1026,2005,1026,1026,3,1.0,5,2
172500,6,1471,1999,729,742,3,2.5,6,2
212000,8,1768,2007,866,866,3,2.5,7,2
158900,6,1386,1978,672,672,3,2.5,6,2
179400,7,1501,1999,744,757,3,2.5,6,2
290000,8,2531,1995,1318,1328,4,2.5,9,3
127500,6,864,1959,864,864,2,1.0,5,1
100000,5,1301,1950,1145,1301,2,1.0,5,2
215200,7,1547,2009,756,764,3,2.5,7,2
337000,8,2365,1999,1252,1268,3,2.5,8,3
270000,8,1494,1996,1494,1494,2,1.5,6,2
264132,9,1506,2008,1498,1506,2,2.0,6,2
196500,7,1714,1988,980,980,3,2.5,7,2
160000,6,1750,1985,983,983,4,2.0,7,1
216837,7,1836,2005,1860,1836,3,2.0,8,2
538000,8,3279,2003,1650,1690,4,3.5,12,3
134900,5,858,1982,858,858,2,1.0,5,2
102000,4,1220,1951,836,1220,2,1.0,6,2
107000,6,1117,1976,1029,1117,3,1.0,6,2
114500,5,912,1958,912,912,2,1.0,5,1
395000,8,1973,2006,1935,1973,3,2.0,9,3
162000,6,1204,1998,1204,1204,2,2.0,5,2
221500,7,1614,2006,1614,1614,3,2.0,7,3
142500,5,894,1974,864,894,3,1.0,5,2
144000,5,2020,1977,0,2020,4,2.0,10,2
135000,6,1004,1977,975,1004,2,1.0,4,2
176000,7,1253,1996,1237,1253,3,2.0,6,2
175900,6,1603,1992,761,810,3,2.5,7,2
187100,7,1430,2002,1413,1430,3,2.0,6,2
165500,5,1110,1978,1097,1110,1,1.0,4,2
128000,6,1484,2001,742,742,3,2.0,9,0
161500,6,1342,1967,1372,1342,3,2.0,7,2
139000,5,1652,1950,686,966,4,2.0,7,1
233000,7,2084,2004,956,956,4,2.5,8,2
107900,4,901,2000,901,901,2,1.0,4,1
187500,6,2087,2007,832,976,5,2.5,9,2
160200,7,1145,2006,1145,1145,2,2.0,5,2
146800,6,1062,1976,1029,1062,3,1.0,5,2
269790,7,2013,1997,1117,1127,3,2.5,8,2
225000,8,1496,2007,1496,1496,3,2.0,7,2
194500,7,1895,1996,712,1086,3,2.5,7,2
171000,6,1564,1981,650,888,3,2.5,7,2
143500,6,1285,1977,660,1285,3,1.5,7,2
110000,5,773,1953,773,773,2,1.0,4,1
485000,9,3140,2009,1926,1966,4,3.5,11,3
175000,5,1768,1950,731,981,3,1.5,7,1
200000,6,1688,1997,616,616,4,2.5,8,2
109900,4,1196,1990,1196,1196,2,1.0,5,2
189000,7,1456,2005,728,728,3,2.5,7,2
582933,9,2822,2009,1734,1734,4,3.5,12,3
118000,5,1128,1954,936,1128,2,1.0,5,1
227680,7,1428,2008,1417,1428,3,2.0,6,2
135500,5,980,1967,980,980,3,2.0,6,1
223500,5,1576,2004,1324,1072,3,1.5,6,2
159950,5,1086,1966,1024,1086,3,1.0,6,2
106000,5,2138,1965,849,1075,2,2.0,11,2
181000,6,1309,1999,1040,1309,3,1.5,5,2
144500,6,848,2004,848,848,1,1.0,4,2
55993,5,1044,1952,540,1044,2,1.0,4,2
157900,6,1442,1958,1442,1442,4,1.5,7,1
116000,5,1250,1950,686,686,3,1.5,7,1
224900,7,1661,1998,1649,1661,3,2.0,6,2
137000,5,1008,1954,1008,1008,2,1.0,4,1
271000,8,1689,2002,1568,1689,3,2.0,7,3
155000,6,1052,1971,1010,1052,3,1.0,6,2
224000,7,1358,2010,1358,1358,2,2.0,6,2
183000,7,1640,2003,798,798,3,2.5,6,2
93000,4,936,1953,936,936,2,1.0,4,2
225000,7,1733,2003,847,847,3,2.5,7,2
139500,6,1489,1950,778,944,3,2.0,7,1
232600,8,1489,2006,1489,1489,3,2.0,7,2
385000,10,2084,2008,2078,2084,2,2.0,7,3
109500,5,784,1950,784,784,2,1.0,5,0
189000,7,1434,2001,1454,1434,3,2.0,6,2
185000,5,2126,1967,1013,1160,3,2.5,7,2
147400,7,1223,2005,600,520,2,2.5,4,2
166000,6,1392,1957,1392,1392,3,1.5,6,2
151000,7,1200,2005,600,520,2,2.5,4,2
237000,7,1829,2003,941,941,3,2.5,7,2
167000,6,1516,1964,1516,1516,3,1.5,6,2
139950,5,1144,1961,1144,1144,3,1.0,6,2
128000,4,1067,1995,1067,1067,2,2.0,4,2
153500,5,1559,1973,1559,1559,2,1.0,5,2
100000,6,987,1973,483,483,2,1.5,5,1
144000,5,1099,2006,1099,1099,3,1.5,6,1
130500,5,1200,1995,768,768,3,1.0,6,1
140000,6,1482,1950,672,810,4,2.0,7,1
157500,5,1539,2002,650,958,3,2.0,8,2
174900,6,1165,1966,1127,1165,3,1.5,6,2
141000,5,1800,1961,1800,1800,6,2.0,10,0
153900,5,1416,1950,876,876,4,1.5,7,3
171000,5,1701,1981,1390,1701,3,2.0,6,2
213000,7,1775,1993,740,1006,3,2.5,7,2
133500,5,864,1972,864,864,3,1.0,5,1
240000,6,2358,1997,907,1307,5,3.0,10,2
187000,6,1855,1994,528,1094,3,2.5,7,2
131500,6,848,2003,848,848,1,1.0,3,2
215000,8,1456,2003,1273,1456,2,2.0,7,2
164000,7,1646,1950,918,918,4,2.0,7,1
158000,6,1445,1964,1127,1445,3,1.5,7,2
170000,5,1779,1974,1763,1779,3,1.5,6,2
127000,5,1040,2010,1040,1040,3,1.5,6,1
147000,6,1026,1978,940,1026,3,1.0,5,2
174000,6,1481,1995,702,702,3,2.5,6,2
152000,7,1370,1976,1090,1370,3,2.0,6,2
250000,6,2654,1984,1054,1512,4,2.5,9,2
189950,7,1426,1998,912,912,3,1.5,7,1
131500,5,1039,1965,1039,1039,3,1.5,6,2
152000,6,1097,1985,1040,1097,3,2.0,6,2
132500,5,1148,1959,1148,1148,3,1.0,6,1
250580,7,1372,2008,1372,1372,3,2.0,6,2
148500,5,1002,1970,1002,1002,3,1.0,5,2
248900,8,1646,2007,1638,1646,3,2.0,6,3
129000,4,1120,1961,1040,1120,3,1.5,5,2
169000,5,2320,1950,0,1547,2,2.0,7,2
236000,7,1949,1994,1050,1062,3,2.5,8,2
109500,5,894,1962,894,894,2,1.0,5,1
200500,6,1682,1998,804,804,3,2.5,7,2
116000,5,910,1996,105,910,3,1.0,5,2
133000,5,1268,1950,832,1036,3,1.0,6,1
66500,5,1131,1950,676,676,3,1.5,5,1
303477,8,2610,2007,1184,1184,4,2.5,11,2
132250,4,1040,1963,1064,1040,3,1.0,5,2
350000,9,2224,2005,1462,1462,4,2.5,10,3
148000,5,1155,1995,1109,1155,3,1.0,6,2
136500,5,864,2005,864,864,3,1.0,6,1
157000,5,1090,2006,1090,1090,2,1.5,5,2
187500,7,1717,1991,1156,1187,3,2.5,7,2
178000,6,1593,1993,808,808,3,2.5,7,2
118500,4,2230,1950,795,954,5,1.0,10,1
100000,5,892,1967,892,892,3,1.0,5,1
328900,9,1709,2000,1698,1709,2,2.0,5,2
145000,5,1712,2005,1626,1712,4,2.0,8,2
135500,5,1393,1955,816,872,3,1.5,8,1
268000,8,2217,1970,2217,2217,4,2.0,8,2
149500,6,1505,1953,1505,1505,2,1.0,6,2
122900,5,924,2006,672,672,3,1.0,6,2
172500,6,1683,1978,918,918,3,2.5,7,2
154500,6,1068,2003,1059,1068,3,1.0,6,1
165000,5,1383,1954,1383,1383,3,1.0,6,1
118858,5,1535,1979,0,1535,4,2.0,8,2
140000,6,1796,1963,780,983,4,1.5,8,2
106500,4,951,1950,951,951,2,1.0,6,1
142953,5,2240,1979,0,1120,6,2.0,12,2
611657,9,2364,2010,2330,2364,2,2.5,11,3
135000,5,1236,1994,912,1236,3,1.0,6,1
110000,4,858,1971,858,858,2,1.0,4,1
153000,5,1306,2000,992,1306,2,1.0,5,1
180000,7,1509,2003,783,807,3,2.5,8,2
240000,7,1670,2006,1670,1670,3,2.0,7,3
125500,5,902,1967,876,902,3,1.0,6,1
128000,5,1063,1954,1056,1063,3,1.0,6,1
255000,8,1636,2006,1623,1636,3,2.0,8,3
250000,7,2057,1987,1017,1020,3,1.5,6,1
131000,5,902,1983,864,902,2,1.0,5,2
174000,6,1484,2005,742,742,3,2.5,8,2
154300,5,2274,1960,1105,1105,5,2.0,12,2
143500,5,1268,1989,1268,1268,3,1.5,5,1
88000,5,1015,1950,768,1015,3,1.0,6,1
145000,5,2002,1950,1001,1001,4,2.0,8,3
173733,6,1224,2009,612,612,2,2.5,4,2
75000,4,1092,1970,546,546,3,1.5,6,1
35311,2,480,1950,480,480,1,0.0,4,1
135000,4,1229,1956,1134,1229,3,1.0,6,1
238000,7,2127,1991,1104,912,4,2.5,8,3
176500,6,1414,2002,1184,1414,3,1.0,6,2
201000,6,1721,1994,928,936,3,2.5,7,2
145900,5,2200,2003,1272,1272,4,3.0,9,0
169990,6,1316,2006,1316,1316,3,2.0,6,2
193000,6,1617,1994,1604,1617,2,2.0,5,2
207500,6,1686,1980,1686,1686,3,2.0,7,2
175000,5,1126,1977,1126,1126,3,2.0,6,2
285000,8,2374,2004,1181,1234,4,2.5,10,3
176000,7,1978,1968,832,1098,4,2.5,9,2
236500,8,1788,2001,1753,1788,3,2.0,7,2
222000,7,2236,1997,964,993,4,2.5,8,2
201000,8,1466,2007,1466,1466,3,2.0,7,3
117500,5,925,1965,925,925,2,1.0,5,1
320000,9,1905,2006,1905,1905,3,2.0,8,3
190000,7,1500,2004,1500,1500,3,2.0,6,2
242000,7,2069,2007,585,2069,4,2.0,9,2
79900,4,747,1953,600,747,1,1.0,5,2
184900,7,1200,2003,1176,1200,2,2.0,5,2
253000,7,1971,2005,1113,1113,3,2.5,8,2
239799,7,1962,2006,1391,1391,3,2.5,7,3
244400,7,2403,1950,1032,1207,4,2.0,10,1
150900,6,1728,1976,1728,1728,4,2.0,8,2
214000,7,2060,1999,992,1022,3,2.5,8,2
150000,4,1440,1977,1440,1440,4,2.0,8,0
143000,5,1632,1967,1632,1632,4,2.0,8,2
137500,6,1344,1958,819,1344,3,1.0,7,2
124900,5,1869,1996,1088,1188,2,1.0,7,2
143000,5,1144,1959,1144,1144,3,1.0,6,1
270000,8,1629,2003,1616,1629,3,2.0,9,3
192500,7,1776,2002,936,936,3,2.5,7,2
197500,6,1381,2006,1161,1381,3,1.5,5,2
129000,5,864,2002,864,864,3,1.0,5,2
119900,5,965,1965,828,965,3,1.0,6,1
133900,5,768,2003,768,768,2,1.0,5,1
172000,5,1968,1969,784,1168,4,2.5,7,2
127500,6,980,1975,945,980,4,2.0,4,0
145000,6,1958,1950,979,979,4,2.0,8,2
124000,6,1229,1980,561,561,2,1.5,5,2
132000,5,1057,1962,1057,1057,3,1.0,6,2
185000,7,1337,2003,1337,1337,3,2.0,6,2
155000,7,1416,1999,696,696,3,2.5,6,2
116500,5,858,2008,858,858,2,1.0,4,0
272000,6,2872,1995,1330,1542,4,2.5,11,2
155000,6,1548,1976,804,804,3,2.5,7,2
239000,9,1800,2007,1800,1800,2,2.0,7,2
214900,7,1894,2003,817,824,4,2.5,8,2
178900,6,1484,2007,783,783,3,2.5,8,2
160000,5,1308,1950,728,976,2,1.5,7,1
135000,5,1098,1955,1098,1098,3,1.0,6,1
37900,3,968,1950,600,600,2,1.0,6,0
140000,6,1095,1958,588,1095,2,1.0,6,1
135000,4,1192,1950,720,720,4,1.5,6,0
173000,7,1626,2004,764,764,2,2.0,6,2
99500,6,918,1979,918,918,2,2.0,5,1
182000,7,1428,2008,1428,1428,3,2.0,6,2
167500,7,2019,1993,728,1136,3,1.0,8,2
165000,7,1382,2000,673,673,3,2.5,6,2
85500,4,869,1958,440,869,2,1.0,4,0
199900,7,1241,2007,1241,1241,1,1.5,4,2
110000,4,894,1954,894,894,3,1.0,5,2
139000,5,1121,1963,1121,1121,3,1.0,5,2
178400,7,999,2007,944,999,3,1.0,6,2
336000,8,2612,1999,1225,1276,4,2.5,8,3
159895,7,1266,2007,1266,1266,2,2.0,6,2
255900,8,2290,2002,1128,1149,4,2.5,9,2
126000,5,1734,1977,0,1302,4,2.0,8,2
125000,5,1164,1950,1164,1164,3,1.0,5,1
117000,6,1635,2003,485,1001,2,1.0,5,1
395192,9,1940,2010,1930,1940,3,2.5,8,3
195000,6,2030,1976,848,1118,4,2.5,8,2
197000,7,1576,2006,770,778,3,2.5,6,2
348000,8,2392,1998,1396,1407,3,2.5,7,3
168000,8,1742,1986,916,916,4,1.5,8,2
187000,6,1851,1993,822,1020,3,2.5,7,2
173900,6,1500,2006,750,750,3,2.5,6,2
337500,10,1718,2007,1700,1718,3,2.0,7,3
121600,4,1230,1950,747,774,3,1.5,5,1
136500,5,1050,1961,1050,1050,3,1.0,6,1
185000,6,1442,1970,1442,1442,2,2.0,6,2
91000,3,1077,1950,1007,1077,3,1.0,6,1
206000,7,1208,2006,1187,1208,2,2.0,6,2
82000,3,944,1952,0,944,2,1.0,4,2
86000,5,691,1950,691,691,2,1.0,4,1
232000,8,1574,2006,1574,1574,3,2.0,7,3
136905,5,1680,1976,1680,1680,4,2.0,8,2
181000,7,1504,2006,1346,1504,1,2.0,7,2
149900,5,985,1977,985,985,3,2.0,6,1
163500,6,1657,1970,1657,1657,3,2.0,7,2
88000,4,1092,1970,546,546,3,1.5,6,1
240000,7,1710,2005,1710,1710,3,2.0,7,2
102000,5,1522,1950,1008,1008,4,2.0,7,0
135000,5,1271,1950,720,720,4,2.0,7,1
100000,5,1664,1965,0,1664,4,2.0,8,0
165000,6,1502,1996,602,900,3,1.5,7,1
85000,5,1022,2006,1022,1022,2,1.0,4,1
119200,6,1082,1950,1082,1082,2,1.0,5,1
227000,8,1665,2001,810,810,3,2.5,6,2
203000,7,1504,1996,1504,1504,3,2.0,6,2
187500,8,1360,1984,1220,1360,1,1.0,4,2
160000,7,1472,1992,384,802,3,2.5,7,2
213490,7,1506,2005,1362,1506,2,2.0,6,2
176000,4,1132,2005,1132,1132,2,1.5,5,2
194000,7,1220,2006,1199,1220,2,2.0,6,2
87000,5,1248,1950,912,912,2,1.0,6,1
191000,7,1504,2006,1346,1504,2,2.0,7,2
287000,8,2898,1976,1565,2898,2,2.0,10,2
112500,5,882,1972,882,882,3,1.0,5,2
167500,5,1264,1960,1268,1264,3,1.0,6,2
293077,8,1646,2008,1638,1646,3,2.0,7,3
105000,5,1376,1950,768,968,3,1.0,6,1
118000,6,1218,1972,672,672,3,1.5,7,1
160000,5,1928,1995,686,948,5,2.0,10,0
197000,7,3082,1970,824,1687,5,2.5,12,2
310000,8,2520,1993,1338,1352,5,2.5,10,3
230000,7,1654,2002,1654,1654,3,2.0,6,3
119750,5,954,1950,920,954,2,1.0,5,1
84000,4,845,1957,0,845,3,1.0,5,1
315500,9,1620,2008,1620,1620,2,2.0,6,3
287000,8,2263,2002,1055,1055,3,2.5,7,2
97000,4,1344,2008,546,798,3,1.5,6,0
80000,4,630,1970,630,630,1,1.0,3,1
155000,5,1803,2000,1134,1803,3,2.0,8,2
173000,6,1632,2000,800,800,4,1.5,7,2
196000,6,1306,2005,1306,1306,1,2.0,5,2
262280,7,2329,1990,1475,1532,4,2.5,10,2
278000,8,2524,1981,2524,2524,4,2.5,9,2
139600,3,1733,1955,0,1733,4,2.0,8,2
556581,9,2868,2006,1992,1992,4,3.5,11,3
145000,5,990,1995,990,990,3,1.0,5,2
115000,5,1771,2006,0,1771,3,1.0,9,2
84900,4,930,2006,0,930,2,1.0,6,1
176485,7,1302,2007,1302,1302,3,2.0,6,2
200141,7,1316,2007,1316,1316,3,2.0,6,2
165000,6,1977,1978,816,1127,4,1.5,9,2
144500,5,1526,2002,1216,1526,4,1.0,7,1
255000,8,1989,2002,1065,1091,3,2.5,7,2
180000,6,1523,1976,1193,1523,3,2.0,7,2
185850,7,1364,2005,1364,1364,2,2.0,6,2
248000,7,1850,1994,973,979,3,2.5,7,2
335000,9,2184,2008,1104,1130,3,2.5,10,3
220000,6,1991,1950,854,1096,3,1.5,7,2
213500,8,1338,2001,1338,1338,2,2.0,6,2
81000,3,894,1950,894,894,2,1.0,6,3
90000,5,2337,1950,662,1422,5,2.0,10,2
110500,6,1103,1980,1103,1103,2,1.0,5,2
154000,5,1154,1966,1154,1154,3,1.5,6,2
328000,7,2260,1997,1306,1306,3,2.5,7,2
178000,6,1571,1994,799,799,3,2.5,7,2
167900,6,1611,1964,780,798,4,1.5,7,2
151400,6,2521,1973,942,1291,5,2.5,10,2
135000,5,893,2003,845,893,2,1.0,4,2
135000,5,1048,1956,1048,1048,3,1.0,6,1
154000,6,1556,1968,727,829,4,1.5,8,2
91500,5,1456,1950,810,1002,4,1.0,7,1
159500,6,1426,1977,690,698,3,1.5,6,2
194000,7,1240,2006,1240,1240,2,2.0,5,3
219500,7,1740,1984,800,960,3,1.5,6,1
170000,5,1466,1989,796,1096,3,2.0,7,2
138800,5,1096,1969,1096,1096,3,1.0,6,1
155900,6,848,2004,848,848,1,1.0,3,2
126000,5,990,1994,990,990,3,1.0,5,1
145000,6,1258,2004,1258,1258,3,2.0,5,2
133000,5,1040,1963,1040,1040,3,1.5,5,1
192000,7,1459,2002,1459,1459,3,2.0,6,2
160000,6,1251,1964,1251,1251,3,1.0,6,1
187500,6,1498,1996,691,691,3,2.5,6,2
147000,6,996,1992,936,996,2,1.0,5,2
83500,4,1092,1973,546,546,3,1.5,6,1
252000,8,1953,2006,1082,1082,3,2.5,9,3
137500,7,1709,2004,970,970,3,2.0,7,2
197000,8,1247,2005,1247,1247,1,1.5,4,2
92900,3,1040,1950,0,1040,2,2.0,6,2
160000,7,1252,2000,600,624,2,2.5,4,2
136500,6,1694,1950,1181,1390,4,2.0,7,2
146000,5,1200,1998,864,1200,1,1.5,6,2
129000,5,936,2000,936,936,2,1.0,4,1
176432,6,1314,2006,1314,1314,3,2.0,6,2
127000,6,1355,2006,684,773,3,1.5,7,0
170000,8,1088,1986,1074,1088,2,1.5,5,2
128000,4,1324,1950,672,757,3,1.0,6,1
157000,7,1601,1978,1271,1601,3,2.0,7,2
60000,2,438,1950,290,438,1,1.0,3,1
119500,5,950,1971,950,950,3,1.0,5,1
135000,5,1134,2002,1010,1134,2,1.0,6,1
159500,6,1194,1959,655,1194,3,1.0,6,2
106000,5,1302,1970,630,630,3,2.5,6,2
325000,8,2622,1995,1463,1500,3,2.5,9,2
179900,7,1442,1991,910,1442,3,2.0,6,2
274725,7,2021,2006,868,887,3,2.5,9,2
181000,6,1690,2000,924,948,3,2.5,7,2
280000,8,1836,2005,1836,1836,3,2.0,7,3
188000,6,1658,1996,773,773,3,2.5,8,2
205000,7,1964,1976,803,1098,4,2.5,8,2
129900,5,816,1957,816,816,2,1.0,5,1
134500,5,1008,2006,1008,1008,2,1.0,6,1
117000,5,833,2000,833,833,2,1.0,4,1
318000,8,1734,2007,1734,1734,3,2.0,7,3
184100,8,1419,2002,408,779,3,2.5,7,2
130000,5,894,2003,894,894,3,1.0,5,2
140000,5,1601,1987,533,1021,3,1.0,6,1
133700,5,1040,1959,1040,1040,3,1.0,6,1
118400,6,1012,1950,1012,1012,2,1.0,6,1
212900,7,1552,2006,1552,1552,3,2.0,7,3
112000,4,960,1956,672,960,3,1.0,5,1
118000,5,698,2008,698,698,2,1.0,4,0
163900,7,1482,1992,384,812,3,2.5,7,2
115000,4,1005,1955,1005,1005,2,1.0,5,2
174000,7,1555,2007,1373,1555,2,2.0,7,3
259000,7,1530,2004,1530,1530,3,2.0,7,3
215000,7,1959,2005,847,847,4,2.5,8,2
140000,5,936,1980,936,936,2,1.0,4,2
135000,4,1981,1950,1122,1328,4,2.0,7,2
93500,5,974,1992,974,974,3,1.0,5,0
117500,6,2210,1950,1008,1178,5,2.0,8,1
239500,8,2020,1995,1128,1142,3,2.5,8,2
169000,6,1600,1997,916,916,3,2.5,7,2
102000,6,986,1950,960,986,2,1.0,5,1
119000,6,1252,1950,1032,1032,3,1.0,6,1
94000,5,1020,1996,780,780,2,1.0,6,0
196000,6,1567,1977,1567,1567,2,2.0,5,2
144000,5,1167,1950,915,1167,3,1.0,6,2
139000,5,952,1951,952,952,2,1.0,4,2
197500,5,1868,1976,780,1088,4,2.5,9,2
424870,8,2828,2007,1466,1466,4,3.0,11,3
80000,5,1006,1959,1006,1006,3,1.0,5,0
80000,4,924,1950,672,672,2,1.0,5,1
149000,5,1576,1950,1042,1042,3,1.0,8,1
180000,6,1298,1985,1298,1298,3,2.0,5,2
174500,7,1564,1950,704,860,3,1.5,7,1
116900,7,1111,1950,572,572,2,1.0,5,1
143000,7,1482,1988,650,832,3,1.0,7,2
124000,6,932,1950,932,932,2,1.0,4,1
149900,5,1466,1959,1466,1466,3,1.5,6,2
230000,6,1811,2004,1073,1811,2,1.0,6,2
120500,6,816,2007,816,816,2,1.0,5,1
201800,7,1820,1988,864,902,4,2.0,8,2
218000,5,1437,2004,1437,1437,3,2.0,6,2
179900,5,1265,1999,1219,1265,3,2.0,6,2
230000,7,1314,2008,1314,1314,2,2.0,6,2
235128,8,1580,2008,1580,1580,3,2.0,7,3
185000,6,1876,1974,901,943,4,2.5,8,2
146000,6,1456,1978,855,855,3,2.5,7,2
224000,6,1640,2006,1296,1640,3,1.0,7,2
129000,5,894,1968,894,894,3,1.0,5,2
108959,4,1258,1969,1198,1258,0,1.0,6,2
194000,5,1432,1978,1360,1432,2,1.5,5,2
233170,7,1502,2009,1502,1502,3,2.0,7,2
245350,8,1694,2008,1694,1694,3,2.0,7,3
173000,6,1671,2000,959,959,3,2.5,7,2
235000,6,2108,1986,1127,1236,4,2.0,7,2
625000,10,3627,1996,1930,1831,4,3.5,10,3
171000,6,1118,1977,1096,1118,3,1.0,6,1
163000,6,1261,1958,1261,1261,3,1.0,6,2
171900,7,1250,2007,625,625,2,2.5,5,2
200500,5,3086,1994,1598,1636,3,3.0,12,0
239000,6,2345,1950,952,1170,4,2.5,9,2
285000,8,2872,2000,1683,2129,4,2.5,9,2
119500,5,923,1985,876,923,3,1.0,5,1
115000,6,1224,2004,818,818,3,1.0,5,1
154900,5,1343,1950,731,820,3,1.5,7,1
93000,5,1124,1954,0,1124,3,1.0,5,0
250000,7,2514,1991,1216,1298,4,2.5,8,2
392500,8,1652,2008,1600,1652,2,2.0,5,2
745000,10,4476,1996,2396,2411,4,3.5,10,3
120000,5,1130,1950,1120,1130,2,1.0,5,2
186700,5,1572,1963,1572,1572,3,1.5,5,3
104900,5,1221,1950,784,949,4,1.0,7,1
95000,3,1699,1970,978,1014,3,2.0,7,2
262000,8,1624,1995,1624,1624,2,2.0,5,3
195000,7,1660,2002,831,831,3,2.5,7,2
189000,7,1804,1999,994,1028,3,2.5,7,2
168000,4,1622,1975,1249,1622,3,1.0,7,4
174000,8,1441,2000,776,764,2,2.5,5,2
125000,5,1472,1994,702,842,3,1.0,6,1
165000,6,1224,1999,1224,1224,2,2.0,5,2
158000,6,1352,1969,663,663,4,1.5,7,1
176000,6,1456,2005,728,728,3,2.5,8,2
219210,7,1863,2006,879,879,4,2.5,9,3
144000,7,1690,1950,815,815,3,1.0,7,1
178000,7,1212,2001,1212,1212,3,2.0,6,2
148000,4,1382,1979,1051,1382,3,1.5,6,2
116050,4,864,1970,864,864,3,1.0,5,1
197900,7,1779,1998,866,866,3,2.5,6,2
117000,5,1348,1997,884,884,3,1.0,5,1
213000,7,1630,2001,1630,1630,3,2.0,6,2
153500,5,1074,1975,1056,1074,3,1.5,6,2
271900,7,2196,1991,2158,2196,3,2.0,7,3
107000,4,1056,1966,1056,1056,2,1.0,5,1
200000,6,1700,2003,1682,1700,3,2.0,7,2
140000,5,1283,1980,931,1283,3,1.0,6,2
290000,8,1660,2006,1660,1660,3,2.0,8,2
189000,6,1845,1992,1055,1055,3,2.5,8,2
164000,8,1752,2005,559,1080,4,2.0,8,2
113000,4,672,1950,672,672,2,1.0,4,1
145000,4,960,2001,648,960,0,0.0,3,1
134500,5,999,1962,925,999,3,1.0,6,1
125000,5,894,1966,894,894,3,1.0,5,1
112000,6,1902,1978,0,1318,4,2.0,8,2
229456,8,1314,2009,1300,1314,3,2.0,6,2
80500,4,912,1950,0,672,2,1.0,3,0
91500,6,1218,1971,672,672,3,1.5,7,0
115000,5,912,1964,912,912,2,1.0,5,1
134000,5,1211,1968,952,1211,3,1.0,5,1
143000,6,1846,1950,1040,1168,3,2.0,7,1
137900,5,2136,1951,2136,2136,4,2.0,7,2
184000,7,1490,2005,788,788,3,2.5,8,2
145000,6,1138,1958,588,1138,3,1.0,6,1
214000,6,1933,2007,894,894,4,2.5,9,3
147000,5,912,2008,912,912,2,1.0,5,2
367294,9,1702,2008,1702,1702,1,1.5,7,3
127000,5,1507,1960,1075,1507,4,2.0,7,1
190000,5,2620,1977,1361,1361,4,3.0,12,2
132500,5,1190,1962,1106,1190,3,1.0,6,2
101800,4,1224,1962,0,1224,2,2.0,6,2
142000,5,1188,1959,1188,1188,3,1.0,6,2
130000,5,1964,1950,940,1024,4,1.5,7,0
138887,5,1784,1950,747,892,4,1.5,9,1
175500,7,1626,2003,764,764,2,2.5,6,2
195000,7,1948,2005,847,847,4,2.5,8,2
142500,6,1141,2005,1141,1141,3,1.5,6,2
265900,8,1484,2006,1476,1484,2,2.0,6,2
224900,7,1768,2003,884,884,3,2.5,8,2
248328,7,1689,2007,1689,1689,3,2.0,7,3
170000,7,1173,1974,1053,1173,3,2.0,6,2
465000,10,2076,2006,2076,2076,2,2.5,7,3
230000,8,1517,1950,792,792,3,1.0,7,2
178000,6,1868,2003,585,1140,3,3.5,7,2
186500,7,1553,2006,756,756,3,2.5,6,2
169900,6,1034,1976,1012,1034,3,1.0,6,3
129500,6,2058,1950,735,1134,3,1.5,8,2
119000,5,988,1950,876,988,3,1.0,6,1
244000,7,2110,1968,2110,2110,3,2.5,8,2
171750,7,1405,2003,1405,1405,2,2.0,6,2
130000,5,874,1968,864,874,3,1.0,5,1
294000,7,2167,2003,1192,1516,3,2.5,9,2
165400,7,1656,2004,746,760,3,2.5,7,2
127500,6,1367,1950,884,959,3,1.0,6,1
301500,8,1987,1994,1986,1987,2,2.0,7,2
99900,5,864,1950,864,864,2,1.0,4,0
190000,7,1166,2005,856,1166,2,2.0,5,2
151000,6,1054,1969,1054,1054,3,1.5,6,2
181000,6,1675,1999,841,892,3,2.5,7,2
128900,5,1050,1956,1050,1050,2,1.0,5,1
161500,4,1788,1989,1104,1104,5,1.0,8,1
180500,6,1824,1950,764,1060,3,1.0,8,2
181000,6,1337,1999,1405,1337,2,2.0,5,2
183900,7,1452,1999,691,713,3,2.5,6,2
122000,7,1889,1950,925,964,4,1.5,9,1
378500,9,2018,2009,2002,2018,3,2.0,10,3
381000,8,3447,1997,728,1968,4,3.5,11,3
144000,5,1524,1958,874,874,3,1.5,7,1
260000,7,1524,1979,1332,1332,0,0.5,4,2
185750,6,1489,1968,1489,1489,3,2.0,7,2
137000,5,935,1965,935,935,3,1.0,5,1
177000,6,1357,2006,1019,1357,2,1.0,5,1
139000,5,1250,2003,661,661,3,2.0,8,2
137000,5,1920,1950,928,928,4,2.0,10,2
162000,6,1395,1972,723,735,3,1.5,6,2
197900,6,1724,1976,1680,1724,3,1.5,7,2
237000,8,2031,2002,1128,1128,3,2.5,7,2
68400,4,1128,1950,698,698,2,1.0,6,2
227000,7,1573,2002,1573,1573,3,2.0,6,2
180000,7,1339,1990,1309,1339,2,2.0,6,2
150500,5,1040,2008,1040,1040,3,2.0,5,2
139000,6,1824,1971,912,912,4,3.0,8,0
169000,6,2447,1990,804,1699,4,2.0,10,1
132500,6,1412,1950,780,825,4,1.0,6,1
143000,6,1328,1963,1328,1328,3,1.5,6,2
190000,5,1582,1964,1624,1582,4,2.0,7,2
278000,8,1659,2000,1501,1659,2,2.0,5,2
281000,8,1970,2006,1085,1120,3,2.5,8,3
180500,5,1152,1964,1152,1152,3,1.0,6,2
119500,5,1302,1972,630,630,3,2.5,6,1
107500,5,2372,1965,994,1378,4,2.0,11,1
162900,7,1664,1976,832,832,4,2.5,8,2
115000,5,864,1990,864,864,2,1.0,5,2
138500,5,1052,1968,1052,1052,3,1.5,5,1
155000,5,1128,1963,1120,1128,3,2.0,6,2
140000,6,1072,2006,547,1072,2,2.0,5,2
160000,10,5642,2008,6110,4692,3,2.5,12,2
154000,5,1246,1994,1246,1246,3,1.5,6,1
225000,7,1983,1999,978,1005,3,2.5,9,2
177500,6,1494,1950,771,753,3,1.0,7,1
290000,8,2526,1994,1165,1203,4,2.5,8,3
232000,7,1616,2005,1616,1616,3,2.0,7,3
130000,7,1708,2004,976,976,3,2.0,7,2
325000,9,1652,2007,1652,1652,2,2.0,6,2
202500,7,1368,2006,1368,1368,2,2.0,6,2
138000,5,990,1995,990,990,3,1.0,5,2
147000,5,1122,2005,924,1122,2,1.0,6,2
179200,6,1294,1991,1278,1294,3,2.0,6,2
335000,7,1902,2002,1902,1902,3,2.0,7,2
203000,7,1274,2007,1274,1274,3,2.0,6,2
302000,8,2810,1990,1453,1453,4,2.5,9,2
333168,9,2599,1999,1393,1422,4,2.5,10,3
119000,4,948,1954,948,948,3,1.0,5,1
206900,6,2112,1969,952,1092,4,2.5,9,2
295493,8,1630,2008,1622,1630,3,2.0,8,3
208900,7,1352,2007,1352,1352,2,2.0,5,2
275000,8,1787,2002,1753,1787,3,2.0,7,3
111000,4,948,1954,864,948,3,1.0,5,1
156500,6,1478,1957,1478,1478,3,1.5,6,2
72500,3,720,1950,0,720,2,1.0,4,1
190000,7,1923,1992,750,1061,3,2.5,8,2
82500,4,708,1950,420,708,2,1.0,5,0
147000,8,1795,2007,1795,1795,2,2.0,7,3
55000,4,796,1950,796,796,2,1.0,5,0
79000,3,774,2006,544,774,3,1.0,6,0
130500,5,816,2008,816,816,3,1.0,5,1
256000,6,2792,1950,1510,1584,5,2.0,8,2
176500,7,1632,1998,935,955,3,2.5,8,2
227000,8,1588,2006,1588,1588,3,2.0,7,3
132500,5,954,1976,911,954,3,1.0,6,2
100000,4,816,1958,816,816,2,1.0,3,1
125500,5,1360,1995,803,803,2,1.5,6,1
125000,5,1365,1970,765,765,3,1.5,7,2
167900,6,1334,1977,1350,1334,2,2.0,6,2
135000,5,1656,1973,1656,1656,4,2.0,8,2
52500,4,693,1950,693,693,2,1.0,4,0
200000,7,1861,2002,916,920,3,2.5,8,2
128500,5,864,1972,864,864,3,1.0,5,1
123000,4,872,1971,858,872,3,1.0,5,4
155000,6,1114,2004,1114,1114,3,1.0,6,2
228500,8,2169,2002,1284,1284,3,2.5,7,2
177000,6,1913,1950,896,1172,3,1.5,9,2
155835,7,1456,2006,728,728,3,2.5,8,2
108500,4,960,1950,960,960,2,1.0,5,1
262500,7,2156,2003,1568,2156,3,2.0,9,2
283463,8,1776,2007,1732,1776,3,2.0,7,3
215000,7,1494,1998,1482,1494,3,2.0,5,2
122000,8,2358,1987,684,938,4,2.0,8,0
200000,5,2634,1969,1248,1338,6,3.0,12,4
171000,6,1716,1962,858,858,4,1.5,8,2
134900,6,1176,2000,698,786,2,1.0,4,2
410000,8,3238,1996,2033,2053,4,2.5,9,3
235000,7,1865,2000,992,992,3,2.5,7,3
170000,7,1920,1992,570,1222,4,3.0,8,2
110000,5,892,1966,864,892,3,1.0,5,1
149900,5,1078,2008,1078,1078,3,1.5,6,2
177500,6,1573,2000,756,769,3,2.5,5,2
315000,9,1980,2005,1980,1980,3,2.0,8,3
189000,5,2601,1998,612,990,4,3.5,8,2
260000,7,1530,2005,1530,1530,3,2.0,7,2
104900,4,1738,2007,715,1281,4,2.0,7,1
156932,6,1412,2007,616,616,3,2.5,6,2
144152,7,1200,2005,600,520,2,2.5,4,2
216000,7,1674,2000,814,814,3,2.5,7,2
193000,7,1790,1999,873,882,3,2.5,7,2
127000,5,1475,1977,757,925,4,2.0,6,1
144000,6,848,2004,848,848,1,1.0,4,2
232000,8,1668,2003,1657,1668,3,2.0,8,2
105000,4,1374,1950,840,840,2,1.0,6,1
165500,6,1661,1996,992,1661,3,1.0,8,1
274300,7,2097,1998,1108,1108,3,2.5,8,2
466500,10,2633,2002,2633,2633,2,2.5,8,3
250000,7,1958,2005,1026,1026,3,2.5,9,3
239000,8,1571,2007,1571,1571,3,2.0,7,3
91000,6,790,1950,768,790,2,1.0,4,1
117000,5,1604,1960,984,984,3,2.0,6,2
83000,6,987,1973,483,483,2,1.5,5,1
167500,5,1394,2007,384,754,3,2.5,7,2
58500,3,864,1950,864,864,2,1.0,5,1
237500,6,2117,1970,1205,2117,4,2.5,7,2
157000,7,1762,1950,596,998,4,1.5,8,2
112000,5,1416,2007,816,1416,3,2.0,7,2
105000,6,1258,1950,560,698,2,1.0,6,1
125500,4,1154,2007,796,796,3,1.0,7,1
250000,7,2784,1978,1392,1392,5,3.5,12,2
136000,6,2526,1950,714,1664,5,2.0,10,1
377500,9,1746,2007,1746,1746,3,2.0,7,3
131000,6,1218,1950,735,869,3,1.0,6,2
235000,7,1525,2000,1525,1525,3,2.0,6,2
124000,5,1584,1967,1584,1584,4,2.0,8,3
123000,5,900,1967,864,900,3,1.0,6,1
163000,6,1912,2000,482,1221,3,2.0,7,2
246578,7,1500,2006,1356,1500,2,2.0,6,3
281213,8,2482,2006,1094,1133,4,2.5,9,3
160000,5,1687,1950,747,1687,3,1.0,7,2
137500,5,1513,2004,939,939,4,1.5,8,1
138000,5,1904,1982,1208,1136,3,1.5,7,1
137450,6,1608,1990,976,1160,3,2.5,7,1
120000,6,1158,1950,862,950,3,1.0,5,1
193000,6,1593,2004,839,864,3,2.5,8,2
193879,7,1294,2006,1286,1294,2,2.0,6,2
282922,8,1464,2007,1485,1464,3,2.0,6,3
105000,3,1214,1950,672,694,3,1.0,6,3
275000,8,1646,2005,1594,1646,2,2.0,5,2
133000,5,768,2007,768,768,2,1.0,5,2
112000,5,833,1985,833,833,3,1.0,5,0
125500,4,1363,1950,622,741,3,1.0,6,2
215000,7,2093,1991,791,1236,3,2.5,7,2
230000,7,1840,2001,944,944,3,2.5,6,2
140000,6,1668,2005,856,1112,3,1.5,6,1
90000,4,1040,1950,0,1040,2,2.0,6,2
257000,8,1844,2006,1844,1844,2,2.0,7,2
207000,6,1848,2000,833,1053,4,1.5,8,2
175900,7,1569,2007,1386,1569,1,2.0,7,3
122500,4,2290,1950,777,1246,4,2.0,11,2
340000,8,2450,1998,1284,1310,3,2.5,7,3
124000,5,1144,1963,1144,1144,3,1.5,6,1
223000,6,1844,1969,1844,1844,3,2.0,7,2
179900,6,1416,1968,708,708,3,2.5,7,2
127500,6,1069,1977,1069,1069,2,2.0,4,2
136500,6,848,2003,848,848,1,1.0,3,2
274970,6,2201,1966,697,1575,4,2.0,8,2
144000,5,1344,1983,1024,1344,2,1.0,6,1
142000,6,1252,1959,1252,1252,3,1.0,7,2
271000,7,2127,1994,1223,1223,3,2.5,5,2
140000,5,1558,1950,913,1048,3,1.5,6,1
119000,5,804,1992,788,804,2,1.0,4,1
182900,6,1440,1981,1440,1440,3,2.0,7,2
192140,5,1838,2005,732,734,4,2.5,7,2
143750,6,958,1976,958,958,2,2.0,5,2
64500,4,968,2007,656,968,4,2.0,5,1
186500,6,1792,2000,936,962,3,2.5,8,2
160000,5,1126,1977,1126,1126,3,2.0,5,2
174000,6,1537,2005,1319,1537,3,1.5,7,2
120500,4,864,1971,864,864,3,1.0,5,2
394617,8,1932,2008,1932,1932,2,2.0,7,3
149700,6,1236,1996,912,1236,2,1.0,6,2
197000,7,1725,1979,539,1040,3,2.5,6,2
191000,6,2555,1994,588,1423,3,2.0,11,2
149300,6,848,2004,848,848,1,1.0,3,2
310000,10,2007,2008,1017,1026,3,2.5,10,3
121000,6,952,1950,952,952,2,1.0,4,1
179600,7,1422,2004,1422,1422,3,2.0,7,2
129000,6,913,1966,814,913,3,1.0,6,1
157900,5,1188,1962,1188,1188,3,1.0,6,1
240000,8,2090,1996,1220,1220,3,2.5,8,2
112000,4,1346,2000,560,796,2,1.5,6,1
92000,5,630,1970,630,630,1,1.0,3,0
136000,5,1792,1974,896,896,4,3.0,8,0
287090,8,1578,2009,1573,1578,3,2.0,7,3
145000,5,1072,2005,547,1072,2,1.0,5,2
84500,5,1140,2006,1140,1140,3,1.0,6,0
185000,7,1221,2005,1221,1221,2,2.0,6,2
175000,6,1647,2000,953,953,3,2.5,7,2
210000,6,2073,1988,1542,2073,3,2.0,7,2
266500,7,2340,2006,1152,1188,4,2.0,9,1
142125,5,1078,1996,1078,1078,2,1.0,5,1
147500,5,1256,1965,1256,1256,3,1.5,6,1
