SalePrice,OverallCond,OverallQual,YearBuilt,YearRemodAdd,MoSold,YrSold,LotArea,TotalBath,BedroomAbvGr,GarageCars
208500,5,7,2003,2003,2,2008,8450,2.5,3,2
181500,8,6,1976,1976,5,2007,9600,2.0,3,2
223500,5,7,2001,2002,9,2008,11250,2.5,3,2
140000,5,7,1915,1970,2,2006,9550,1.0,3,3
250000,5,8,2000,2000,12,2008,14260,2.5,4,3
143000,5,5,1993,1995,10,2009,14115,1.5,1,2
307000,5,8,2004,2005,8,2007,10084,2.0,3,2
200000,6,7,1973,1973,11,2009,10382,2.5,3,2
129900,5,7,1931,1950,4,2008,6120,2.0,2,2
118000,6,5,1939,1950,1,2008,7420,1.0,2,1
129500,5,5,1965,1965,2,2008,11200,1.0,3,1
345000,5,9,2005,2006,7,2006,11924,3.0,4,3
144000,6,5,1962,1962,9,2008,12968,1.0,2,1
279500,5,7,2006,2007,8,2007,10652,2.0,3,3
157000,5,6,1960,1960,5,2008,10920,1.5,2,1
132000,8,7,1929,2001,7,2007,6120,1.0,2,2
149000,7,6,1970,1970,3,2010,11241,1.0,2,2
90000,5,4,1967,1967,10,2006,10791,2.0,2,2
159000,5,5,2004,2004,6,2008,13695,1.5,3,2
139000,6,5,1958,1965,5,2009,7560,1.0,3,1
325300,5,8,2005,2006,11,2006,14215,3.5,4,3
139400,7,7,1930,1950,6,2007,7449,1.0,3,1
230000,5,8,2002,2002,9,2008,9742,2.0,3,2
129900,7,5,1976,1976,6,2007,4224,1.0,3,2
154000,8,5,1968,2001,5,2010,8246,1.0,3,1
256300,5,8,2007,2007,7,2009,14230,2.0,3,3
134800,7,5,1951,2000,5,2010,7200,1.0,3,2
306000,5,8,2007,2008,5,2010,11478,2.0,3,3
207500,6,5,1957,1997,12,2006,16321,1.0,2,1
68500,6,4,1927,1950,5,2008,6324,1.0,1,1
40000,4,4,1920,1950,7,2008,8500,1.0,3,1
149350,6,5,1966,2006,6,2008,8544,1.5,3,1
179900,5,8,2007,2007,1,2008,11049,2.0,3,2
165500,5,5,1959,1959,4,2010,10552,1.5,4,2
277500,5,9,2005,2005,8,2007,7313,2.0,2,2
309000,5,8,2004,2005,9,2006,13418,3.5,4,3
145000,5,5,1994,1995,6,2009,10859,1.5,3,2
153000,6,5,1954,1990,10,2009,8532,1.0,3,2
109000,7,5,1953,2007,1,2010,7922,1.0,3,1
82000,5,4,1955,1955,6,2008,6040,2.0,2,0
160000,5,6,1965,1965,12,2006,8658,2.0,3,2
170000,6,5,1959,1959,7,2007,16905,1.5,2,1
144000,7,5,1983,1983,12,2007,9180,1.0,2,2
130250,6,5,1975,1980,7,2008,9200,1.0,3,1
141000,6,5,1959,1959,5,2006,7945,1.0,3,1
319900,5,9,2005,2005,2,2010,7658,2.0,2,2
239686,5,7,2003,2003,8,2009,12822,1.5,1,2
249700,5,8,2006,2006,7,2007,11096,2.0,3,3
113000,5,4,1920,2008,6,2009,4456,2.0,2,0
127000,7,5,1966,1966,1,2007,7742,1.0,3,1
177000,6,6,1997,1997,7,2007,13869,2.0,3,2
114500,6,6,1934,1950,9,2006,6240,1.0,3,2
110000,5,5,1963,1963,5,2010,8472,1.0,2,2
385000,5,9,1981,1987,11,2006,50271,0.5,0,3
130000,5,5,1955,1955,2,2007,7134,1.0,3,2
180500,5,6,1964,1964,7,2008,10175,2.0,3,2
172500,5,8,1999,2000,8,2009,2645,2.5,3,2
196500,5,7,2004,2004,8,2006,11645,2.5,3,2
438780,5,10,2006,2006,10,2006,13682,3.5,3,3
124900,7,5,1972,1972,1,2008,7200,1.0,2,1
158000,5,6,2004,2004,5,2006,13072,1.5,3,2
101000,7,5,1920,1996,3,2007,7200,1.0,3,1
202500,5,8,2006,2006,10,2007,6442,2.0,2,2
140000,6,7,1921,1950,4,2010,10300,2.0,3,2
219500,5,7,1997,1998,2,2009,9375,2.5,3,2
317000,5,8,2004,2005,10,2007,9591,2.5,4,3
180000,5,7,1970,1989,7,2010,19900,2.0,3,2
226000,5,7,2003,2003,6,2007,10665,2.0,3,2
80000,6,4,1945,1950,6,2010,4608,1.0,2,1
225000,4,7,1953,1953,7,2006,15593,2.0,3,2
244000,6,7,1973,1973,2,2007,13651,2.0,3,2
129500,6,4,1982,2006,6,2007,7599,1.0,2,2
185000,5,7,1998,1998,12,2009,10141,2.5,3,2
144900,7,5,1954,2003,5,2010,10200,1.0,3,2
107400,6,3,1915,1950,5,2010,5790,2.0,3,1
91000,5,4,1973,1973,11,2009,1596,1.0,2,1
135750,7,4,1956,1956,4,2008,8475,1.0,2,1
127000,5,5,1948,2001,1,2008,8635,1.0,2,1
136500,5,4,1968,1968,4,2010,10778,2.0,4,0
110000,6,5,1910,1981,5,2009,10440,1.5,2,2
193500,6,6,1968,1968,6,2009,13000,2.5,4,1
153500,5,6,1998,1998,3,2006,4500,2.0,2,2
245000,5,8,2007,2007,10,2008,10206,2.0,3,3
126500,5,5,1960,1960,7,2007,8892,1.5,3,2
168500,5,7,1995,1996,5,2009,8530,2.5,3,2
260000,5,8,1991,1992,4,2006,16059,2.5,4,2
174000,5,6,2005,2005,3,2009,11911,2.5,3,2
164500,5,6,2009,2009,6,2009,3951,2.5,2,2
85000,2,3,1915,1982,10,2009,8470,1.0,2,0
123600,5,4,1994,1995,8,2007,8070,1.0,3,0
109900,5,4,1950,1950,7,2006,7200,1.0,2,2
98600,3,5,1961,1961,12,2006,8500,1.0,2,2
163500,7,5,1921,2006,8,2009,13360,1.0,2,2
133900,6,6,1910,1998,11,2007,7200,2.0,4,2
204750,5,6,1997,1997,5,2007,9337,2.5,3,2
185000,8,6,1993,1993,4,2009,9765,2.5,3,2
214000,5,7,1999,1999,8,2006,10264,2.0,3,2
94750,5,4,1965,1965,5,2007,10921,1.0,3,1
83000,5,5,1920,1950,5,2010,10625,1.0,2,1
128950,5,4,1959,1959,1,2010,9320,1.5,3,0
205000,7,6,1977,2001,2,2010,10603,2.0,3,2
178000,5,6,1985,1985,6,2010,9206,2.5,3,2
118964,5,5,1979,1979,6,2009,7018,2.0,4,2
198900,5,7,2009,2009,5,2010,10402,2.0,3,3
169500,4,7,1931,1950,6,2007,7758,1.5,4,1
250000,5,8,2003,2004,8,2008,9375,2.5,3,2
100000,7,4,1885,1995,8,2007,10800,1.0,2,1
115000,5,5,1948,1950,4,2008,6000,1.0,2,1
115000,7,5,1919,2005,8,2007,8500,2.0,3,0
190000,6,6,1977,1977,1,2010,11751,2.0,3,2
136900,4,6,1954,1972,10,2006,9525,2.0,4,1
180000,5,7,2000,2000,4,2010,7750,2.5,3,2
383970,5,7,2007,2007,10,2007,9965,2.5,4,3
217000,5,6,1953,1953,10,2007,21000,2.0,3,2
259500,8,6,1945,2002,7,2007,7259,2.5,3,1
176000,5,6,1999,1999,6,2007,3230,2.5,2,2
139000,5,5,1962,1962,9,2009,11616,1.0,3,1
155000,5,5,2006,2007,4,2007,8536,1.5,2,2
320000,5,7,1990,1990,5,2010,12376,3.0,5,3
163990,5,6,2005,2006,7,2006,8461,2.5,3,2
180000,5,6,1969,1969,10,2006,21453,1.0,1,2
100000,5,4,1939,1950,6,2007,6060,1.0,3,1
136000,7,6,1958,1958,6,2008,9464,1.0,3,1
153900,5,6,1993,1993,3,2008,7892,2.0,2,2
181000,5,6,1979,1998,1,2009,17043,2.0,3,2
84500,8,6,1935,1982,6,2006,6780,1.0,2,0
128000,5,6,1976,1976,2,2007,4928,2.0,2,2
87000,7,5,1930,1950,6,2007,4388,1.0,3,0
155000,5,6,1966,1966,7,2006,7590,1.5,3,2
150000,7,5,1958,1991,7,2006,8973,1.5,3,2
226000,6,7,1966,1966,5,2006,14200,2.5,4,2
244000,5,6,2000,2000,7,2009,12224,2.5,3,2
150750,6,5,1959,2002,7,2007,7388,1.0,3,2
220000,5,8,2001,2002,6,2009,6853,2.0,2,2
180000,6,5,1968,1993,7,2006,10335,2.5,3,2
174000,6,7,1970,1970,5,2008,10400,2.0,3,2
143000,5,5,1967,1967,7,2007,10355,2.0,3,1
171000,5,7,1988,1989,7,2006,11070,3.0,5,3
230000,5,8,1999,2000,12,2008,9066,2.5,3,3
231500,5,6,1997,1997,8,2009,15426,2.5,3,2
115000,5,4,1971,1971,4,2010,10500,1.0,3,0
260000,5,7,2005,2005,1,2006,11645,2.0,3,2
166000,4,5,1952,1952,6,2010,8520,2.0,4,2
204000,5,7,1999,1999,6,2009,10335,2.0,3,2
125000,5,5,1963,1963,11,2006,9100,2.0,6,2
130000,5,6,2004,2006,4,2006,2522,2.0,3,2
105000,7,5,1931,1993,11,2009,6120,1.0,2,1
222500,5,7,2001,2001,5,2010,9505,2.5,3,2
141000,5,7,2004,2005,4,2008,7500,1.0,3,0
115000,4,5,1936,1950,4,2006,6240,1.0,3,1
122000,6,5,1975,1975,1,2007,10356,1.5,3,2
372402,5,8,2007,2008,1,2008,13891,2.0,2,3
190000,5,6,1971,1971,6,2006,14803,2.5,4,2
235000,7,6,1960,1975,3,2008,13500,1.0,1,2
125000,5,6,1923,1950,3,2006,11340,1.0,4,1
79000,5,6,1924,1950,4,2008,9600,1.0,2,0
109500,7,5,1950,1950,6,2006,7200,1.0,2,2
269500,5,8,2009,2010,5,2010,12003,2.5,4,3
254900,5,7,2004,2005,5,2010,12552,2.5,3,2
320000,5,7,2005,2006,3,2006,19378,2.5,4,2
162500,6,6,1984,1984,6,2008,11120,2.0,3,2
412500,5,9,2003,2004,3,2008,13688,2.5,3,3
220000,5,7,2005,2005,5,2010,12182,2.0,3,2
103200,6,4,1956,1956,4,2007,5500,1.0,1,0
152000,7,6,1926,2004,10,2007,5400,2.0,3,1
127500,7,5,1940,1999,9,2008,10106,2.0,4,0
190000,5,5,1955,1993,11,2009,10708,1.0,2,1
325624,5,8,2007,2007,11,2007,10562,1.5,3,3
183500,5,7,2004,2004,5,2007,8244,2.5,3,2
228000,6,8,1981,1981,1,2006,16669,2.5,2,2
128500,6,5,1941,1950,5,2007,12358,1.5,2,2
215000,5,6,1960,1960,5,2010,31770,1.0,3,2
239000,7,7,1987,1987,6,2006,5306,2.0,2,2
163000,5,6,1961,1961,6,2008,10197,1.5,3,2
184000,5,6,1986,1986,11,2008,12416,2.0,3,2
243000,7,6,1950,2001,6,2007,12615,2.0,4,2
211000,5,6,1988,1989,9,2007,10029,2.5,4,2
172500,5,5,1958,1958,7,2006,13650,2.0,4,2
501837,5,9,2008,2009,7,2009,17423,2.0,1,3
100000,6,5,1923,2006,7,2007,8520,1.0,2,2
177000,5,6,2000,2000,6,2007,2117,2.5,3,2
200100,6,7,1920,1950,7,2006,7588,1.5,4,1
120000,6,5,1957,2006,6,2007,9060,1.0,3,1
200000,5,7,2003,2003,6,2008,11426,2.5,3,2
127000,8,5,1908,1991,6,2006,7438,1.0,3,2
475000,9,10,1892,1993,6,2006,22950,2.5,4,3
173000,5,7,1990,1991,6,2009,9947,2.0,3,2
135000,7,5,1916,1987,8,2009,10410,2.5,3,1
153337,5,5,1979,1979,6,2009,7018,1.0,2,2
286000,5,8,2001,2002,8,2008,4923,1.5,0,2
315000,8,8,1932,1994,12,2007,10570,2.5,3,2
184000,9,7,1972,2004,6,2007,7472,1.5,4,2
192000,5,7,1999,1999,9,2009,9017,2.0,3,2
130000,5,7,2004,2004,5,2006,2522,2.0,3,2
127000,7,5,1972,1972,5,2008,7180,1.0,3,1
148500,6,6,1976,1976,7,2009,2280,2.5,3,2
311872,5,7,2007,2007,9,2007,9416,2.0,3,3
235000,4,8,1918,1990,3,2006,25419,2.0,4,2
104000,6,6,1912,1950,7,2009,5520,1.0,5,0
274900,5,8,2004,2005,1,2009,9591,2.0,3,3
140000,5,4,2003,2004,3,2010,8546,2.0,2,2
171500,6,6,1977,1977,2,2008,10125,2.0,3,2
112000,6,6,1924,1950,5,2006,7000,2.0,2,1
149000,5,6,2004,2004,1,2008,4438,1.0,1,2
110000,7,5,1947,1950,4,2009,3500,1.5,2,1
180500,5,7,1990,1990,5,2009,11851,2.0,3,2
143900,5,5,1962,1962,3,2007,13673,1.5,3,1
141000,5,4,1960,1960,4,2008,12493,1.0,3,1
277000,5,7,1988,1989,4,2007,14364,2.5,3,2
145000,7,6,1964,1964,7,2008,8250,1.0,3,2
98000,6,5,1925,1950,4,2008,5604,1.0,2,0
186000,5,6,2009,2009,3,2010,10420,2.0,3,2
252678,5,7,2009,2009,7,2009,8640,2.5,3,2
156000,5,5,1995,1995,7,2006,13568,1.0,3,2
161750,7,6,1977,1977,3,2010,10900,1.5,3,1
134450,6,5,1957,1996,5,2006,10011,1.0,2,1
210000,5,7,2004,2004,4,2008,8450,2.0,3,2
107000,4,4,1925,1950,9,2006,9906,1.0,3,1
311500,9,7,1939,2006,5,2008,15660,1.5,3,2
167240,5,7,2005,2006,3,2006,3010,2.0,2,2
204900,5,7,2006,2006,4,2006,8990,2.0,2,2
200000,5,6,2002,2002,12,2009,8068,2.5,4,2
179900,6,6,1975,1975,2,2006,11475,2.5,3,2
97000,6,4,1971,1971,3,2009,10500,1.0,2,2
386250,5,10,2003,2003,6,2009,13472,2.0,3,3
112000,5,5,1971,1971,5,2009,1680,2.5,3,1
290000,5,7,1995,1995,6,2007,9950,2.5,4,3
106000,6,6,1970,1970,9,2008,1869,1.5,2,1
125000,5,5,1967,1967,5,2010,8521,1.0,3,1
192500,5,7,2005,2006,5,2009,3182,2.0,2,2
148000,6,6,1959,1959,4,2010,8760,1.0,3,1
403000,5,8,1995,1996,7,2009,15138,2.5,4,3
94500,5,6,1972,1972,6,2006,1680,1.5,2,1
128200,6,5,1976,1976,2,2010,10650,1.0,3,1
216500,5,6,2002,2002,5,2010,7851,2.5,4,2
89500,3,6,1971,1971,8,2008,1680,1.5,2,1
185500,5,7,2004,2004,5,2010,8773,2.0,3,2
194500,7,7,1993,2003,2,2010,9453,2.5,3,2
318000,5,8,2007,2007,12,2007,12030,2.0,3,3
113000,4,6,1945,1950,4,2010,8741,1.5,3,1
262500,5,8,2008,2008,4,2010,9000,2.0,3,2
110500,9,5,1945,1997,8,2007,3880,1.0,2,0
79000,4,5,1900,1950,4,2006,5000,1.0,3,1
120000,6,6,1980,1980,4,2009,10762,1.5,3,1
205000,5,7,1994,2002,5,2010,8880,2.5,3,2
241500,5,7,1988,1988,6,2006,10400,2.0,3,2
137000,8,6,1910,1950,4,2006,9142,2.0,4,1
140000,5,6,1954,1954,6,2006,11310,1.0,2,2
180000,5,7,2003,2003,9,2007,11317,2.5,3,2
277000,7,6,1958,2006,6,2007,159000,2.0,4,2
76500,2,3,1940,1966,5,2010,5350,1.0,3,0
235000,5,8,2006,2007,12,2007,4750,2.0,2,2
173000,5,6,2004,2004,12,2008,8366,2.5,3,2
158000,7,6,1964,1991,10,2007,9350,2.0,3,1
145000,6,5,1957,1957,6,2010,8400,1.0,3,1
230000,5,7,1999,1999,2,2006,8738,2.5,4,2
207500,5,6,2003,2003,5,2008,8791,2.5,3,2
220000,5,7,2006,2006,3,2009,8814,2.5,3,2
231500,5,7,2001,2001,5,2008,12435,2.5,3,2
97000,5,5,1956,1956,12,2008,12702,1.0,2,1
176000,5,6,1962,1962,5,2009,19296,1.0,3,2
276000,5,8,2007,2007,11,2007,9588,2.5,3,3
151000,7,6,1977,1995,7,2006,8471,1.0,3,2
130000,7,5,1929,2001,4,2010,5500,1.0,3,2
73000,5,5,1925,2004,6,2008,5232,1.0,2,2
175500,6,6,1981,1981,6,2008,12090,2.0,3,2
185000,5,6,1997,1997,6,2006,11207,2.5,3,2
179500,8,5,1939,1997,7,2008,8400,2.5,4,1
120500,6,5,1940,1955,2,2008,6900,1.0,2,1
148000,7,6,1976,1976,5,2007,7917,1.5,3,1
266000,5,8,2006,2006,8,2006,10728,2.5,3,3
241500,7,7,1954,2005,4,2008,39104,1.0,2,2
290000,7,8,1999,2007,4,2010,11764,2.5,4,3
139000,6,6,1958,1988,4,2009,9600,2.0,3,1
124500,7,5,1982,1982,6,2007,8314,1.0,2,1
205000,7,7,1925,2007,10,2009,7264,2.5,3,2
201000,5,7,2003,2003,4,2010,9196,2.0,3,2
141000,5,4,1951,1951,6,2010,19138,1.0,2,2
415298,5,9,2006,2007,5,2007,14450,2.5,3,3
192000,5,7,1977,1977,3,2008,10005,2.5,4,2
228500,6,7,1989,1989,1,2007,11287,2.5,3,2
185000,5,6,2006,2006,5,2006,7200,2.0,2,2
207500,5,7,2007,2008,4,2009,5063,2.0,2,2
244600,5,8,2008,2009,12,2009,9612,2.0,3,3
179200,5,6,1992,1992,7,2007,8012,2.0,2,2
164700,5,7,2006,2007,6,2007,4251,2.5,2,2
159000,7,6,1962,1981,6,2006,9786,1.5,3,2
88000,4,4,1971,1971,6,2006,8125,1.0,3,0
122000,5,5,1967,1967,2,2010,9819,1.0,3,1
153575,7,6,1915,2003,7,2007,8730,1.0,3,1
233230,5,8,2006,2006,7,2006,15611,2.5,3,2
135900,6,5,1912,2000,3,2008,5687,2.0,6,0
131000,4,5,1949,2008,1,2009,11409,1.5,3,1
235000,7,7,1977,1994,3,2006,16659,2.5,3,2
167000,5,6,1953,1953,10,2009,9600,1.0,3,2
142500,6,6,1984,1984,3,2006,7937,1.0,3,2
152000,5,5,1950,1950,6,2007,13710,1.5,4,1
239000,5,7,1997,1998,6,2007,7399,2.5,3,2
175000,6,6,1968,1968,6,2007,11700,2.0,3,2
158500,8,6,1950,2004,8,2009,14000,1.0,3,1
157000,5,5,1953,1953,6,2006,15750,1.0,2,1
267000,5,8,1998,1999,5,2007,16226,2.5,4,2
205000,5,7,2001,2002,1,2006,13704,2.0,3,3
149900,7,5,1972,1972,7,2006,9800,1.0,3,2
295000,9,7,1880,2002,5,2008,18386,3.0,3,3
305900,5,8,2004,2005,7,2007,10386,2.0,3,3
225000,5,7,1990,1991,6,2007,13474,2.5,4,3
89500,7,6,1920,1950,3,2008,7920,1.0,3,0
82500,5,4,1940,1950,3,2009,12342,1.0,1,2
360000,5,9,2003,2004,11,2006,12378,2.0,3,3
165600,5,6,1993,1994,5,2006,7685,2.5,3,2
132000,6,6,1948,2002,5,2009,8000,1.0,2,1
119900,7,5,1939,1950,5,2006,7800,1.0,3,2
375000,5,7,1965,1965,6,2009,215245,2.0,3,2
178000,7,7,1925,1990,8,2006,9600,1.5,3,2
188500,5,7,2004,2005,7,2009,7795,2.5,3,2
260000,7,7,1980,1980,8,2009,13005,2.5,4,2
270000,5,8,2006,2006,12,2007,9000,2.5,3,3
260000,5,7,1993,1993,4,2009,9900,2.5,4,3
187500,5,7,1980,1980,6,2009,14115,2.0,3,2
342643,5,9,2006,2006,9,2006,16259,3.5,4,3
354000,5,8,2004,2004,6,2007,12099,2.5,4,3
301000,5,7,1986,1987,8,2007,10380,2.5,4,2
126175,8,3,1955,2005,7,2006,5820,1.0,3,1
242000,7,7,1967,2007,6,2010,11275,2.5,5,2
87000,6,5,1941,1950,12,2007,5000,1.0,2,2
324000,5,8,1993,1993,5,2008,10846,1.5,1,2
145250,5,6,1960,1960,4,2006,11600,1.5,3,1
214500,6,6,1916,1994,7,2009,11888,2.0,5,2
78000,5,5,1920,1950,7,2009,6402,1.0,3,1
119000,4,5,1964,1964,11,2007,10624,2.0,6,1
139000,6,5,1958,1992,8,2007,8176,1.0,3,1
284000,5,8,2003,2004,10,2009,10655,2.0,3,3
207000,5,7,2004,2004,7,2008,8198,2.0,2,2
192000,5,6,1998,1998,7,2008,9042,2.5,3,2
228950,6,5,1965,1965,8,2008,164660,2.0,3,2
377426,5,9,2005,2006,7,2007,14157,2.0,3,3
214000,5,7,2002,2003,12,2008,9135,2.0,3,2
202500,7,7,1984,1998,5,2006,14145,2.0,3,2
155000,7,6,1958,1998,6,2009,12400,1.0,3,1
202900,5,8,2002,2002,4,2010,14191,2.5,4,2
82000,4,4,1950,1950,9,2009,8400,1.0,2,1
87500,4,3,1949,1950,5,2006,8544,2.0,2,2
266000,5,9,2005,2005,7,2008,8849,2.0,2,2
85000,3,5,1976,1976,4,2010,2592,1.5,3,1
140200,5,6,1939,1950,10,2006,6435,1.0,3,1
151500,8,6,1960,1998,4,2007,12772,1.0,2,1
157500,5,6,1960,1960,12,2009,17600,2.0,3,2
154000,5,7,2003,2004,10,2008,2448,2.5,2,2
437154,5,9,2005,2006,4,2006,20431,2.5,4,3
318061,5,9,2007,2007,12,2007,7820,2.0,2,2
190000,5,7,1986,1986,12,2006,5271,1.5,2,2
95000,6,5,1941,1950,3,2008,9084,1.0,3,1
105900,8,6,1928,2003,5,2010,8520,1.0,2,2
140000,5,6,1940,2000,6,2006,8400,1.0,2,1
177500,5,6,1995,1995,8,2007,11249,2.0,3,2
173000,6,6,1992,1992,7,2009,9248,2.0,3,2
134000,5,5,1976,1976,8,2007,4224,1.5,3,2
130000,4,5,1958,1958,7,2006,6930,1.0,3,1
280000,5,8,1998,1998,6,2006,12011,2.5,3,2
156000,6,6,1978,1978,6,2007,7540,1.0,2,2
145000,5,5,1940,1982,7,2008,9144,1.0,3,1
198500,5,7,2003,2003,7,2009,7301,3.0,4,2
118000,8,6,1972,2007,5,2009,1680,1.5,2,1
190000,5,6,1976,1976,7,2006,18800,2.5,3,2
147000,7,5,1920,1997,7,2009,10690,1.0,3,1
159000,5,6,1963,1963,7,2009,9500,1.5,3,2
165000,5,6,1962,1962,12,2008,9150,1.0,3,1
132000,6,5,1954,1954,3,2010,7800,1.0,2,1
162000,7,5,1959,2006,3,2010,9830,1.0,3,2
172400,5,6,2000,2000,1,2006,8121,2.5,3,2
134432,4,4,1959,1959,7,2008,17120,2.0,4,2
125000,5,6,1984,1984,2,2010,7175,1.0,2,1
123000,6,5,1953,1953,11,2009,10634,1.0,3,1
219500,5,7,2003,2004,7,2007,8200,2.5,4,2
61000,1,1,1922,1950,3,2009,10020,0.5,1,0
148000,5,5,1996,1996,7,2006,8846,1.0,2,2
340000,5,8,2004,2005,12,2007,11143,3.0,4,2
394432,2,9,2010,2010,6,2010,11394,1.5,1,3
179000,5,6,2000,2000,6,2009,8123,2.5,3,2
127000,6,5,1924,1950,5,2010,5000,2.0,3,1
187750,5,7,2006,2006,8,2006,7200,2.0,2,2
213500,5,7,2006,2006,4,2007,9245,2.5,3,2
76000,3,6,1928,1950,10,2009,9000,1.0,2,2
240000,5,6,1992,1992,6,2007,53107,2.5,3,2
192000,5,8,2004,2005,4,2010,3182,2.0,2,2
81000,3,5,1910,1996,5,2006,8410,1.0,5,0
125000,6,6,1976,1976,10,2009,7200,1.0,3,1
191000,5,7,1999,2000,7,2008,9382,2.0,3,2
426000,5,10,2007,2008,8,2008,12474,2.5,3,3
119000,8,5,1900,1950,4,2008,8405,1.0,4,1
215000,5,6,2001,2002,6,2009,12209,2.5,3,2
106500,7,5,1959,1959,7,2007,8339,1.0,3,1
100000,5,4,1941,1950,4,2006,7446,1.0,2,0
109000,6,5,1940,1950,7,2007,10134,1.0,2,1
129000,6,5,1956,1956,6,2010,9571,1.0,3,1
123000,5,5,1972,1972,9,2009,7200,1.0,2,2
169500,5,5,1962,1962,7,2007,7590,2.0,4,1
67000,2,5,1920,1950,11,2007,8967,1.0,2,1
241000,5,7,2006,2007,10,2009,8125,2.0,2,2
245500,5,8,1996,1996,12,2008,14963,1.5,1,2
164990,5,7,2005,2005,7,2006,8767,2.0,3,2
108000,8,5,1940,1997,8,2008,10200,1.0,2,1
258000,5,8,1998,1998,7,2006,12090,2.5,4,2
168000,5,6,1995,1996,5,2007,10364,2.5,3,2
150000,4,4,1976,1993,6,2009,9991,2.0,3,2
115000,5,6,1936,1950,3,2008,10480,1.0,3,1
177000,7,6,1915,1976,3,2008,15576,2.0,4,1
280000,5,7,2006,2006,8,2007,14154,2.5,3,3
339750,5,8,2007,2008,4,2008,10800,2.5,3,3
60000,3,5,1958,1958,6,2009,9571,1.0,3,1
145000,5,5,1955,1955,1,2006,34650,1.0,3,2
222000,5,7,2009,2009,6,2010,4403,2.5,2,2
115000,6,5,1927,1950,3,2010,8960,1.0,2,2
228000,5,7,1993,1993,12,2008,11228,2.5,3,3
181134,5,7,2007,2007,8,2007,8899,2.0,3,2
149500,7,6,1978,1978,3,2006,7844,1.5,3,2
239000,6,6,1918,1950,11,2007,22420,2.5,4,3
126000,6,5,1940,1950,4,2007,8160,1.5,3,1
142000,6,5,1968,1968,7,2010,8450,1.0,3,1
206300,5,7,1997,1998,11,2008,7060,2.0,2,4
215000,7,6,1977,2000,6,2009,16635,2.0,3,2
113000,5,5,1954,1954,2,2008,21750,1.0,2,2
315000,5,8,1998,1998,6,2008,9200,2.5,4,3
139000,5,6,1956,1956,5,2008,9000,1.0,2,1
135000,8,7,1946,1992,9,2009,3378,1.5,3,1
275000,5,7,1989,1989,8,2009,12800,2.0,2,2
109008,6,4,1957,1957,7,2008,8593,1.0,3,1
195400,5,7,2007,2007,9,2007,6762,2.0,2,2
175000,5,6,1988,1988,3,2009,11457,2.0,3,2
85400,5,6,1971,1971,7,2008,1680,1.5,2,1
79900,7,6,1920,1998,9,2008,5586,1.0,4,0
122500,5,5,1971,1971,8,2007,1920,1.5,2,2
181000,5,6,1997,1998,7,2008,10839,2.5,3,2
81000,7,4,1972,1972,6,2008,1890,1.0,1,0
212000,6,7,1996,1996,4,2009,10667,2.5,3,2
116000,8,6,1920,1950,10,2006,4400,1.0,2,2
119000,7,6,1926,2004,1,2009,6000,1.0,2,1
90350,6,5,1913,2002,3,2007,4280,1.0,2,1
110000,8,6,1920,2000,8,2009,12354,1.0,3,2
555000,5,10,2008,2008,4,2009,15431,2.0,2,3
118000,4,4,1955,1955,9,2008,12108,2.0,4,0
162900,7,5,1930,1992,6,2008,6240,2.0,3,2
172500,5,7,2006,2007,6,2007,3922,2.0,2,3
210000,5,7,1994,1995,7,2008,8750,2.5,4,2
127500,5,6,1956,1956,11,2009,9855,1.0,3,2
190000,6,6,1966,2002,6,2010,16492,2.5,2,2
199900,5,7,1998,1999,7,2006,11214,2.5,4,2
119500,6,6,1937,1950,6,2006,8600,2.0,3,1
120000,7,3,1948,2002,6,2007,6000,1.5,2,1
110000,8,6,1930,2005,6,2006,5684,1.0,2,1
280000,5,7,1975,1975,12,2006,70761,2.0,2,2
204000,5,6,1996,1997,7,2007,9303,2.5,3,2
210000,5,8,2008,2008,6,2009,9000,2.5,3,2
188000,5,5,1976,1976,7,2006,9297,2.0,4,2
175500,6,7,1973,1973,9,2007,9600,1.5,3,2
98000,5,5,1916,1950,5,2008,4571,1.0,4,3
256000,6,4,1954,1994,3,2008,53227,1.0,2,2
161000,7,8,1925,1996,6,2008,5100,1.0,3,1
110000,4,5,1950,1950,7,2009,7015,1.0,3,1
263435,5,8,2009,2009,12,2009,8004,2.5,3,2
155000,9,7,1936,2007,4,2009,7200,1.0,3,2
62383,5,5,1965,1965,12,2009,8281,1.0,3,1
188700,7,6,1934,1995,8,2008,11988,1.5,3,1
124000,5,5,1978,1978,8,2009,8430,2.0,3,0
178740,5,7,2004,2004,5,2006,3072,2.0,2,2
167000,5,7,1970,1970,4,2007,10628,1.0,2,2
146500,7,5,1942,1995,6,2007,9480,1.5,3,1
250000,5,8,2006,2006,5,2007,11428,2.0,3,3
187000,5,6,1993,1993,6,2008,9291,2.5,3,2
212000,5,8,1985,1985,6,2010,6820,1.5,1,2
190000,6,7,1977,1977,11,2007,11952,2.5,3,2
148000,5,6,2005,2005,6,2008,3675,1.0,2,2
440000,5,8,2006,2007,7,2007,14977,2.0,2,3
251000,5,8,2000,2000,8,2007,5330,2.0,2,2
132500,6,5,1963,1963,7,2007,8480,1.0,2,2
208900,5,6,1997,1998,4,2008,13125,2.0,3,2
380000,5,9,2006,2006,3,2007,13693,2.5,3,3
297000,5,8,2007,2008,9,2009,10637,2.0,3,3
89471,7,4,1937,2000,3,2007,5925,1.0,2,2
326000,5,9,2004,2005,3,2006,16033,2.0,3,3
374000,5,9,2003,2004,8,2006,11846,2.0,2,3
155000,8,7,1915,2005,6,2009,2500,1.5,4,1
164000,5,6,1998,1998,5,2006,4500,2.0,2,2
132500,7,5,1962,2001,3,2007,7758,1.0,3,1
147000,7,5,1950,2007,7,2009,9600,1.0,3,1
156000,7,5,1965,1965,6,2007,10289,1.5,3,2
175000,6,5,1971,1971,2,2007,12243,2.0,3,2
160000,4,5,1900,1970,5,2006,10800,2.0,3,2
86000,8,4,1970,2002,5,2009,1526,1.0,1,1
115000,6,5,1976,1976,6,2008,2665,1.5,3,1
133000,7,6,1941,1950,8,2006,9490,1.0,3,1
172785,5,6,2006,2006,5,2006,15578,2.5,3,2
155000,6,5,1960,1960,6,2008,7931,1.5,3,1
91300,8,5,1938,1996,12,2009,5784,1.0,2,1
34900,5,4,1920,1950,11,2009,7879,1.0,2,0
430000,5,8,1992,1993,5,2007,12692,3.0,4,2
184000,6,7,1925,1950,6,2008,9120,2.0,4,1
130000,7,5,1967,2004,6,2009,7800,1.0,3,1
120000,7,5,1958,1985,6,2007,7535,1.0,2,1
113000,5,6,1973,1973,5,2007,1890,1.5,3,1
226700,5,7,2005,2005,2,2008,9803,2.5,3,2
140000,7,5,1965,1965,4,2007,9170,1.0,2,2
289000,8,7,1959,1997,3,2010,15602,2.0,1,2
147000,5,6,1974,1974,6,2009,2308,2.5,3,2
124500,5,5,1952,1952,7,2009,7596,2.0,4,2
215000,5,8,1993,1994,9,2006,9554,2.5,3,2
208300,5,6,2009,2009,9,2009,7862,2.0,2,2
161000,9,7,1928,2005,10,2008,9600,2.0,3,2
124500,6,5,1959,1959,7,2009,9600,1.0,3,1
164900,7,5,1951,2000,6,2009,14559,1.0,2,1
202665,5,7,2005,2006,3,2006,6792,2.0,2,2
129900,5,5,1958,1958,7,2006,9100,1.0,3,2
134000,5,6,1983,1983,6,2007,9187,1.5,3,2
96500,5,5,1926,1950,6,2007,10594,1.0,2,1
402861,5,10,2009,2009,9,2009,12220,2.5,3,3
158000,6,6,1972,1972,8,2009,10448,2.5,3,2
265000,5,7,1996,1997,7,2009,10208,2.5,3,3
211000,5,6,1998,1998,5,2007,9531,2.5,3,2
234000,9,7,1926,2004,6,2009,10918,1.5,3,1
106250,7,4,1900,2000,8,2008,10800,2.0,3,0
150000,6,6,1957,1957,5,2007,11988,1.5,3,1
159000,7,6,1947,1950,10,2006,5000,2.0,3,2
184750,5,10,2007,2008,10,2007,40094,3.5,3,3
315750,5,7,1996,1997,8,2007,11787,2.5,3,3
176000,5,7,2005,2005,4,2006,7500,2.0,3,2
132000,7,5,1956,2000,6,2007,13300,1.0,2,1
446261,5,9,2008,2008,11,2008,14948,2.5,3,3
86000,7,4,1920,2002,7,2007,9098,1.0,2,0
200624,3,6,1957,1975,3,2007,32668,3.0,4,2
175000,5,6,1988,1989,8,2008,10200,2.0,3,2
128000,8,6,1920,1999,6,2008,6155,2.0,3,2
107500,7,5,1955,2007,4,2010,7200,1.0,2,1
39300,3,1,1946,1950,1,2007,5000,1.0,1,0
178000,5,8,2004,2004,10,2006,9056,2.5,3,2
107500,7,5,1910,1991,1,2008,7000,1.0,3,0
188000,5,7,1998,1999,7,2008,8924,2.5,3,2
111250,5,4,1972,1972,4,2008,12735,1.0,3,2
158000,5,5,1968,1968,7,2006,11553,1.5,3,1
272000,5,8,2001,2002,5,2010,11423,2.0,3,2
315000,5,9,2006,2006,3,2009,14601,2.0,2,3
248000,5,8,2000,2000,6,2007,11000,2.5,4,3
213250,5,7,1998,1999,6,2009,10140,2.0,3,2
133000,5,7,1998,1998,6,2007,4058,1.0,1,1
179665,5,7,2006,2006,9,2006,17104,2.5,3,2
229000,5,7,1988,1988,2,2006,13837,2.5,4,3
210000,7,6,1923,1950,5,2007,8737,1.5,3,2
129500,7,5,1970,1970,4,2007,7244,1.0,2,2
125000,7,5,1955,1995,6,2008,8235,1.0,2,2
263000,5,7,2003,2004,11,2009,9375,2.5,4,2
140000,6,6,1977,1977,10,2008,4043,2.0,2,2
112500,6,5,1957,1957,6,2008,6000,1.0,3,1
255500,5,8,2006,2006,7,2009,11146,2.0,3,3
108000,5,4,1949,2003,5,2009,8777,2.0,2,2
284000,5,7,2003,2004,8,2008,10625,2.5,3,3
113000,6,5,1922,1950,8,2006,6380,1.0,2,1
141000,5,5,1957,1957,5,2006,14850,1.0,2,1
108000,6,4,1920,1950,9,2006,11040,1.5,3,1
175000,5,7,1996,1997,8,2008,21872,2.5,3,2
234000,5,7,2003,2004,10,2006,3196,2.0,2,2
121500,6,5,1957,1996,5,2010,11341,1.5,3,2
170000,5,5,1974,1975,4,2006,10010,1.0,2,2
108000,6,5,1940,1969,7,2008,13907,1.0,3,0
185000,7,6,1918,1950,7,2008,21780,2.0,4,2
268000,5,7,1992,2000,7,2006,13346,2.5,4,2
128000,4,6,1915,1950,5,2010,6858,1.5,4,1
325000,5,9,2005,2007,6,2008,11198,2.5,4,3
214000,5,7,2004,2004,3,2010,10171,2.0,3,2
316600,8,8,1983,2009,9,2009,12327,1.5,1,2
135960,5,5,1979,1979,12,2006,7032,1.0,2,2
142600,5,5,1965,1965,11,2008,13101,2.0,6,2
120000,6,6,1959,1959,10,2006,7332,1.0,2,1
224500,5,7,2009,2009,7,2009,13159,2.5,3,2
170000,5,7,2000,2000,12,2007,9967,2.5,3,2
139000,7,5,1971,2005,12,2007,10500,1.0,3,1
118500,5,5,1947,1950,10,2008,8480,1.0,2,1
145000,7,7,1928,1950,8,2009,6292,2.0,3,1
164500,6,5,1966,1966,5,2006,11777,1.0,3,2
146000,5,7,2007,2007,2,2008,3604,2.0,2,2
131500,5,5,1954,1954,11,2008,12150,2.0,4,1
181900,6,6,1960,1987,6,2007,14585,1.0,3,2
253293,5,8,2008,2009,8,2009,12704,2.5,3,3
118500,5,6,1990,1990,5,2007,11841,1.0,3,0
325000,9,10,1893,2000,7,2008,13500,3.5,3,2
133000,7,4,1935,1995,7,2009,6120,1.0,3,1
369900,5,8,2005,2006,3,2006,11443,2.0,2,3
130000,7,6,1918,2000,5,2008,10267,1.0,2,1
137000,6,5,1982,1982,7,2009,8740,1.0,2,2
143000,8,5,1968,2003,6,2009,25095,1.0,1,1
79500,6,5,1930,1960,8,2008,9100,1.0,2,1
185900,5,7,2004,2004,9,2008,8320,2.5,3,2
451950,5,10,2008,2008,6,2009,13478,2.5,3,3
138000,8,5,1982,2003,6,2008,6600,1.0,2,2
140000,5,6,2003,2003,5,2009,4435,1.0,1,2
110000,6,5,1975,1975,4,2008,7990,1.0,3,1
319000,5,8,2005,2006,8,2006,11302,2.0,3,3
114504,7,6,1910,1993,10,2006,3600,1.0,3,1
194201,5,7,2006,2007,2,2007,3922,1.0,2,3
217500,6,5,1977,1977,3,2006,12984,2.0,3,2
151000,6,6,1980,1980,7,2008,1950,2.5,3,2
275000,5,8,2005,2005,6,2006,10927,2.5,3,2
141000,6,6,1937,1950,12,2007,9000,1.5,3,1
220000,5,8,1992,1992,2,2006,10041,2.5,3,2
151000,5,7,2004,2005,6,2010,3182,2.5,2,2
221000,5,7,2002,2002,9,2008,12803,2.0,3,2
205000,6,7,1965,1990,10,2009,13600,2.5,3,2
152000,5,5,1996,1996,11,2009,12464,1.0,3,2
225000,8,5,1948,2002,8,2006,7800,3.0,3,1
359100,6,8,1934,1998,9,2007,12168,2.5,4,2
118500,5,4,1961,1961,4,2007,7943,1.0,3,1
313000,5,9,2000,2000,5,2009,11050,2.5,3,3
148000,6,6,1978,1978,7,2007,10395,2.0,3,2
261500,5,8,2001,2001,11,2009,11885,2.5,3,2
147000,5,5,2007,2007,12,2007,8402,1.0,3,0
75500,6,4,1972,1972,5,2010,1491,1.0,1,0
137500,7,6,1963,1963,5,2010,8800,1.0,3,2
183200,5,6,2002,2003,6,2006,7861,2.5,3,2
105500,6,6,1954,1954,6,2008,7227,1.0,2,2
314813,5,9,2007,2007,7,2007,11694,2.0,3,3
305000,5,8,2003,2003,8,2008,12244,2.5,4,3
67000,3,3,1914,1950,9,2008,8248,1.0,2,0
240000,7,6,1974,1997,6,2008,10800,2.5,4,2
135000,6,5,1977,1977,7,2009,7064,1.0,3,2
168500,5,6,2000,2000,6,2007,2117,2.5,2,2
165150,5,6,1972,1972,11,2006,10400,2.0,4,2
160000,6,6,1962,1962,2,2010,10000,1.5,3,2
139900,5,5,1960,1978,8,2007,12342,1.0,3,1
153000,6,6,1955,1972,3,2010,9600,1.0,3,1
135000,5,5,1969,1969,9,2007,11606,2.0,5,2
168500,5,6,1964,1964,6,2008,9020,1.5,3,2
124000,6,5,1880,1991,6,2006,9000,1.0,3,1
209500,5,8,2006,2006,8,2007,4590,2.0,2,2
82500,5,7,1977,1977,4,2009,11900,2.0,3,2
139400,7,5,1954,2005,7,2007,9250,1.0,3,1
144000,5,6,1980,1980,6,2010,6979,0.0,0,2
200000,7,6,1914,1995,3,2007,10896,2.0,8,0
60000,3,2,1936,1950,1,2009,6120,1.0,1,0
93000,4,5,1954,1954,11,2009,6000,2.0,3,1
85000,7,5,1910,1950,5,2008,8777,1.0,2,0
264561,5,8,2006,2006,10,2006,3982,2.0,1,3
274000,5,8,2003,2004,4,2008,12677,1.5,1,2
226000,5,7,2001,2001,5,2007,7050,2.5,3,2
345000,7,8,1972,1995,7,2009,13860,2.5,4,2
152000,5,5,1969,1969,4,2007,10793,2.5,4,2
370878,5,9,2009,2009,10,2009,9187,2.5,2,3
143250,5,6,1971,1971,3,2007,10530,1.5,3,2
98300,5,5,1950,1950,7,2008,7200,1.0,3,2
155000,5,6,1953,1953,6,2008,10452,1.0,3,2
155000,5,6,1966,1966,6,2010,7700,1.5,4,2
84500,6,4,1970,1970,12,2007,1936,1.0,1,0
205950,6,7,2007,2007,5,2008,8125,2.5,3,2
108000,5,4,1940,1950,10,2009,9084,1.0,4,1
191000,5,7,1996,1996,7,2009,8750,2.5,2,2
135000,7,6,1906,1995,6,2008,10320,1.0,3,1
350000,6,8,1995,1995,8,2008,10437,2.5,2,3
88000,5,6,1971,1971,3,2010,1680,1.5,3,1
145500,7,5,1959,2006,8,2008,10007,1.5,3,1
149000,6,7,1931,2000,2,2008,7200,1.5,3,1
97500,5,6,1948,1950,1,2010,17503,1.0,3,1
167000,7,5,1964,1999,3,2009,9937,1.0,3,2
197900,7,7,1976,1976,11,2007,12384,2.5,3,2
402000,7,8,1994,2005,7,2009,46589,2.5,4,3
110000,3,6,1968,1968,7,2009,13560,1.0,2,2
137500,5,4,1972,1972,4,2008,10012,2.0,3,2
423000,5,8,2005,2006,1,2006,20896,1.5,1,3
230500,5,8,2000,2000,11,2006,11194,2.5,3,2
129000,5,6,1965,1979,8,2007,18450,2.5,3,2
193500,5,6,1994,1998,10,2008,8125,2.0,3,2
168000,6,5,1956,1987,11,2006,14175,1.5,3,2
137500,5,4,1922,1950,7,2006,11600,1.0,2,1
173500,5,6,2005,2005,2,2009,8633,2.5,3,2
103600,6,6,1925,1950,7,2009,6629,2.0,3,1
165000,6,6,1977,1977,6,2006,11250,1.5,3,2
257500,7,6,1957,2004,6,2007,14442,2.0,3,2
140000,6,6,1965,1965,7,2008,9200,1.0,3,1
148500,6,6,1978,1978,4,2009,2289,2.5,3,2
87000,2,4,1900,1950,5,2006,9600,2.0,4,3
109500,8,5,1924,2006,5,2009,9022,1.0,2,1
372500,5,8,2008,2008,7,2009,11844,2.5,3,3
128500,5,5,1961,1961,10,2007,9945,1.0,3,2
143000,5,6,1980,1980,5,2010,8012,2.0,2,1
159434,5,5,1932,2000,7,2009,4500,1.0,3,1
173000,5,6,1996,1997,11,2008,2887,1.0,2,2
285000,5,9,2002,2002,7,2007,11248,2.0,3,3
221000,5,7,1998,1998,6,2010,16770,2.5,4,2
207500,5,7,1984,1984,9,2007,5062,2.0,3,2
227875,6,7,2007,2007,8,2007,10207,3.0,3,2
148800,5,7,2004,2004,3,2007,5105,2.5,2,2
392000,6,8,2007,2007,10,2007,8089,2.0,2,2
194700,5,6,2005,2006,6,2007,7577,2.0,2,2
141000,5,6,2004,2004,5,2008,4426,1.0,1,2
755000,6,10,1994,1995,1,2007,21535,3.5,4,3
335000,5,7,1989,1990,4,2006,26178,2.5,4,2
108480,6,5,1921,1968,12,2006,5400,1.0,2,1
141500,6,5,1936,1950,4,2009,6120,1.5,3,2
176000,6,6,1987,1987,7,2006,13811,2.0,2,2
89000,7,5,1921,1950,6,2006,6000,1.0,2,1
123500,7,5,1952,1952,9,2006,6420,1.0,2,1
138500,8,5,1965,2009,4,2010,8450,1.0,3,1
196000,5,7,2004,2004,7,2008,4282,2.0,2,2
312500,5,8,2002,2002,5,2006,14331,2.0,3,3
140000,5,7,1969,1969,7,2006,9600,1.5,3,2
361919,5,8,2006,2006,7,2006,12438,2.5,4,3
140000,9,5,1900,1996,5,2010,7630,2.0,4,2
213000,5,7,2004,2005,5,2010,8400,2.0,3,2
55000,5,4,1930,1950,7,2010,5600,2.0,3,0
302000,5,7,1971,2002,6,2007,115149,2.0,2,2
254000,5,8,2006,2006,12,2009,6240,2.0,2,2
179540,5,7,2007,2007,7,2007,9018,2.5,3,2
109900,7,5,1966,1966,12,2008,7162,1.0,3,1
52000,6,3,1935,2003,7,2008,4130,1.0,2,0
102776,7,4,1900,1950,1,2010,8712,1.0,2,1
189000,5,8,1988,1989,10,2008,4671,2.0,2,2
129000,5,4,1970,1970,5,2006,9873,1.0,3,2
130500,8,6,1976,2005,3,2010,13517,2.5,3,2
165000,5,6,1974,1974,8,2009,10140,2.0,3,2
159500,8,7,1890,1998,7,2007,10800,1.5,3,2
157000,6,5,1973,2000,11,2008,10000,1.5,3,2
341000,5,7,1993,1994,8,2008,10542,2.5,3,3
128500,6,5,1969,1969,5,2006,9920,1.5,3,1
275000,5,8,1985,1985,12,2006,6563,2.0,2,2
143000,5,6,2004,2004,5,2010,4426,1.0,1,2
124500,7,4,1970,1970,7,2009,8120,1.0,3,2
135000,6,4,1954,1972,5,2008,8172,2.0,4,1
320000,5,9,2007,2008,2,2009,13286,2.0,3,3
120500,6,4,1970,1970,11,2009,6960,1.0,3,2
222000,9,6,1988,2007,12,2009,21695,2.0,3,2
194500,5,7,2007,2007,2,2009,7314,2.0,2,2
110000,5,5,1958,1958,7,2009,11475,2.0,4,3
103000,5,4,1925,1950,1,2009,6240,1.0,2,2
236500,5,8,1995,1996,3,2010,5389,2.0,2,2
187500,5,7,2003,2003,5,2007,9590,2.0,3,2
222500,5,7,1998,1999,7,2008,11404,2.5,3,2
131400,6,5,1961,1983,3,2009,10000,1.0,3,1
108000,5,5,1968,1968,5,2007,8978,1.0,3,1
163000,7,7,1914,1970,10,2006,10800,1.5,2,2
93500,4,3,1950,1950,7,2006,8544,2.0,2,2
239900,5,8,2005,2005,6,2006,10463,2.5,3,3
179000,5,5,1987,1988,3,2009,10800,3.0,3,0
190000,5,7,2004,2004,4,2009,9313,2.5,3,2
132000,7,5,1910,2002,5,2007,9600,2.0,2,2
142000,8,6,1961,1996,5,2008,6768,1.0,3,1
179000,5,7,2000,2001,12,2007,8450,2.0,3,2
175000,6,5,1963,1999,10,2009,12886,2.0,3,2
180000,5,8,1993,1993,10,2008,5395,2.0,2,2
299800,9,8,1976,1996,7,2008,8963,3.5,4,2
236000,5,7,2000,2000,4,2009,8795,2.5,4,2
265979,7,7,1880,2003,5,2009,11700,1.5,4,4
260400,5,7,1996,1996,3,2010,10593,2.0,3,2
98000,3,4,1945,1950,4,2009,8405,2.0,4,1
96500,7,4,1910,2004,6,2010,8800,1.0,3,0
162000,5,7,2003,2003,8,2007,7750,2.5,3,2
217000,5,6,1997,1997,7,2006,9236,2.0,3,2
275500,5,8,2005,2005,3,2006,10240,2.5,3,3
156000,8,6,1969,2005,7,2009,7930,1.0,3,2
172500,5,6,1999,1999,3,2009,3230,2.5,3,2
212000,5,8,2007,2007,4,2009,10769,2.5,3,2
158900,5,6,1978,1978,4,2010,11616,2.5,3,2
179400,5,7,1999,1999,8,2008,2280,2.5,3,2
290000,5,8,1995,1995,11,2007,12257,2.5,4,3
127500,6,6,1959,1959,10,2009,9100,1.0,2,1
100000,5,5,1924,1950,10,2009,6911,1.0,2,2
215200,5,7,2009,2009,6,2010,8640,2.5,3,2
337000,5,8,1999,1999,7,2009,9430,2.5,3,3
270000,5,8,1995,1996,4,2006,9549,1.5,2,2
264132,5,9,2008,2008,8,2008,14587,2.0,2,2
196500,5,7,1988,1988,3,2010,10421,2.5,3,2
160000,7,6,1940,1985,7,2008,12508,2.0,4,1
216837,5,7,2004,2005,10,2006,9100,2.0,3,2
538000,5,8,2003,2003,6,2010,53504,3.5,4,3
134900,5,5,1982,1982,4,2009,7252,1.0,2,2
102000,5,4,1951,1951,4,2006,8877,1.0,2,2
107000,5,6,1976,1976,3,2010,7819,1.0,3,2
114500,5,5,1958,1958,7,2007,10150,1.0,2,1
395000,5,8,2006,2006,7,2007,14226,2.0,3,3
162000,5,6,1998,1998,6,2009,4500,2.0,2,2
221500,5,7,2005,2006,7,2006,11210,2.0,3,3
142500,5,5,1974,1974,6,2006,13350,1.0,3,2
144000,5,5,1977,1977,10,2007,8400,2.0,4,2
135000,5,6,1977,1977,5,2006,10530,1.0,2,2
176000,5,7,1995,1996,6,2007,7875,2.0,3,2
175900,5,6,1992,1992,7,2006,7153,2.5,3,2
187100,5,7,2001,2002,6,2009,16285,2.0,3,2
165500,6,5,1978,1978,7,2009,9101,1.0,1,2
128000,6,6,1914,2001,6,2008,6300,2.0,3,0
161500,5,6,1967,1967,9,2009,9790,2.0,3,2
139000,6,5,1915,1950,6,2010,10800,2.0,4,1
233000,5,7,2004,2004,1,2010,10142,2.5,4,2
107900,7,4,1954,2000,8,2008,6000,1.0,2,1
187500,8,6,1966,2007,7,2007,12205,2.5,5,2
160200,5,7,2005,2006,9,2009,3182,2.0,2,2
146800,5,6,1976,1976,5,2007,11333,1.0,3,2
269790,5,7,1996,1997,6,2007,9920,2.5,3,2
225000,5,8,2007,2007,6,2007,9158,2.0,3,2
194500,5,7,1994,1996,10,2008,10832,2.5,3,2
171000,6,6,1980,1981,4,2010,8400,2.5,3,2
143500,5,6,1977,1977,4,2007,8197,1.5,3,2
110000,5,5,1953,1953,4,2008,7677,1.0,2,1
485000,5,9,2008,2009,7,2009,13518,3.5,4,3
175000,7,5,1937,1950,6,2007,7200,1.5,3,1
200000,5,6,1997,1997,5,2008,12798,2.5,4,2
109900,7,4,1916,1990,7,2007,4800,1.0,2,2
189000,5,7,2005,2005,10,2008,8199,2.5,3,2
582933,5,9,2008,2009,1,2009,13891,3.5,4,3
118000,5,5,1954,1954,6,2006,9000,1.0,2,1
227680,5,7,2008,2008,7,2008,12274,2.0,3,2
135500,5,5,1967,1967,10,2006,9750,2.0,3,1
223500,6,5,1923,2004,5,2009,21384,1.5,3,2
159950,5,5,1966,1966,6,2006,13400,1.0,3,2
106000,5,5,1898,1965,11,2009,8100,2.0,2,2
181000,6,6,1974,1999,1,2006,10140,1.5,3,2
144500,5,6,2004,2004,6,2008,4438,1.0,1,2
55993,5,5,1952,1952,6,2010,8712,1.0,2,2
157900,6,6,1958,1958,4,2007,9750,1.5,4,1
116000,7,5,1918,1950,7,2006,8248,1.5,3,1
224900,5,7,1998,1998,5,2010,12137,2.0,3,2
137000,6,5,1954,1954,7,2006,11425,1.0,2,1
271000,5,8,2002,2002,7,2008,13265,2.0,3,3
155000,7,6,1971,1971,6,2010,8816,1.0,3,2
224000,5,7,2009,2010,6,2010,6371,2.0,2,2
183000,5,7,2003,2003,6,2008,7226,2.5,3,2
93000,4,4,1953,1953,2,2009,6000,1.0,2,2
225000,5,7,2003,2003,10,2007,12394,2.5,3,2
139500,7,6,1940,1950,7,2009,9900,2.0,3,1
232600,5,8,2006,2006,6,2006,11216,2.0,3,2
385000,5,10,2007,2008,6,2008,14803,2.0,2,3
109500,6,5,1924,1950,5,2008,6130,1.0,2,0
189000,5,7,2001,2001,4,2009,8529,2.0,3,2
185000,5,5,1967,1967,6,2009,28698,2.5,3,2
147400,5,7,2005,2005,7,2006,2544,2.5,2,2
166000,5,6,1957,1957,6,2008,11900,1.5,3,2
151000,5,7,2005,2005,6,2006,3180,2.5,2,2
237000,6,7,2003,2003,1,2010,9548,2.5,3,2
167000,6,6,1964,1964,2,2009,10004,1.5,3,2
139950,6,5,1961,1961,9,2008,7875,1.0,3,2
128000,7,4,1950,1995,2,2010,9600,2.0,2,2
153500,6,5,1948,1973,6,2007,8100,1.0,2,2
100000,5,6,1973,1973,11,2008,1680,1.5,2,1
144000,6,5,1995,2006,6,2008,9525,1.5,3,1
130500,6,5,1946,1995,5,2008,11767,1.0,3,1
140000,8,6,1925,1950,3,2008,12155,2.0,4,1
157500,8,5,1904,2002,6,2008,10440,2.0,3,2
174900,7,6,1966,1966,5,2008,9020,1.5,3,2
141000,4,5,1961,1961,7,2007,8000,2.0,6,0
153900,8,5,1915,1950,6,2008,12665,1.5,4,3
171000,5,5,1975,1981,1,2007,16647,2.0,3,2
213000,5,7,1993,1993,7,2009,9317,2.5,3,2
133500,6,5,1972,1972,8,2009,15523,1.0,3,1
240000,8,6,1908,1997,9,2008,45600,3.0,5,2
187000,7,6,1976,1994,8,2007,9600,2.5,3,2
131500,5,6,2003,2003,11,2007,4435,1.0,1,2
215000,5,8,2003,2003,5,2006,3196,2.0,2,2
164000,5,7,1941,1950,8,2007,7128,2.0,4,1
158000,6,6,1964,1964,8,2009,12095,1.5,3,2
170000,4,5,1955,1974,7,2006,17920,1.5,3,2
127000,8,5,1962,2010,4,2010,6897,1.5,3,1
147000,6,6,1978,1978,10,2008,10970,1.0,3,2
174000,5,6,1994,1995,3,2009,8125,2.5,3,2
152000,5,7,1976,1976,6,2009,10400,2.0,3,2
250000,7,6,1968,1984,8,2006,11029,2.5,4,2
189950,8,7,1918,1998,6,2007,7642,1.5,3,1
131500,4,5,1965,1965,4,2010,11625,1.5,3,2
152000,5,6,1984,1985,5,2010,9672,2.0,3,2
132500,5,5,1959,1959,7,2009,7931,1.0,3,1
250580,5,7,2007,2008,5,2008,8640,2.0,3,2
148500,6,5,1970,1970,8,2009,8750,1.0,3,2
248900,5,8,2006,2007,11,2007,10656,2.0,3,3
129000,5,4,1961,1961,5,2007,6970,1.5,3,2
169000,6,5,1948,1950,5,2006,14762,2.0,2,2
236000,5,7,1993,1994,6,2010,9938,2.5,3,2
109500,5,5,1962,1962,8,2009,6600,1.0,2,1
200500,5,6,1998,1998,6,2010,8750,2.5,3,2
116000,7,5,1953,1996,10,2008,8892,1.0,3,2
133000,7,5,1949,1950,9,2009,12144,1.0,3,1
66500,6,5,1941,1950,8,2009,5720,1.5,3,1
303477,5,8,2007,2007,8,2007,9000,2.5,4,2
132250,5,4,1963,1963,1,2007,25286,1.0,3,2
350000,5,9,2004,2005,6,2009,8834,2.5,4,3
148000,7,5,1961,1995,6,2010,11782,1.0,3,2
136500,8,5,1978,2005,7,2009,7000,1.0,3,1
157000,5,5,2005,2006,6,2007,7024,1.5,2,2
187500,5,7,1990,1991,4,2007,13758,2.5,3,2
178000,5,6,1992,1993,12,2009,9636,2.5,3,2
118500,5,4,1912,1950,3,2006,6204,1.0,5,1
100000,5,5,1967,1967,7,2009,7150,1.0,3,1
328900,5,9,1999,2000,1,2008,5119,2.0,2,2
145000,5,5,1959,2005,6,2006,8393,2.0,4,2
135500,7,5,1955,1955,4,2008,16466,1.5,3,1
268000,6,8,1970,1970,10,2007,15865,2.0,4,2
149500,4,6,1953,1953,2,2009,12160,1.0,2,2
122900,7,5,1949,2006,7,2007,8064,1.0,3,2
172500,5,6,1978,1978,7,2009,11184,2.5,3,2
154500,8,6,1963,2003,2,2006,8414,1.0,3,1
165000,5,5,1954,1954,6,2008,13284,1.0,3,1
118858,5,5,1979,1979,6,2009,7018,2.0,4,2
140000,5,6,1963,1963,10,2008,7056,1.5,4,2
106500,6,4,1936,1950,4,2006,8765,1.0,2,1
142953,5,5,1979,1979,6,2009,7018,2.0,6,2
611657,5,9,2009,2010,3,2010,12919,2.5,2,3
135000,7,5,1961,1994,6,2006,6993,1.0,3,1
110000,6,4,1971,1971,6,2007,7340,1.0,2,1
153000,7,5,1957,2000,5,2009,8712,1.0,2,1
180000,5,7,2003,2003,7,2006,7875,2.5,3,2
240000,5,7,2006,2006,8,2006,14859,2.0,3,3
125500,6,5,1967,1967,8,2007,6173,1.0,3,1
128000,5,5,1954,1954,2,2010,9920,1.0,3,1
255000,5,8,2006,2006,6,2007,13501,2.0,3,3
250000,7,7,1936,1987,6,2006,11500,1.5,3,1
131000,5,5,1983,1983,6,2006,8885,1.0,2,2
174000,5,6,2005,2005,6,2009,12589,2.5,3,2
154300,5,5,1960,1960,1,2010,11600,2.0,5,2
143500,7,5,1977,1989,10,2009,9286,1.5,3,1
88000,7,5,1925,1950,7,2006,6120,1.0,3,1
145000,6,5,1949,1950,8,2007,6270,2.0,4,3
173733,5,6,2009,2009,6,2009,3000,2.5,2,2
75000,5,4,1970,1970,1,2007,2001,1.5,3,1
35311,3,2,1949,1950,10,2006,9000,0.0,1,1
135000,6,4,1956,1956,4,2009,17140,1.0,3,1
238000,5,7,1991,1991,11,2007,13125,2.5,4,3
176500,8,6,1958,2002,5,2008,11029,1.0,3,2
201000,5,6,1994,1994,7,2007,8462,2.5,3,2
145900,7,5,1900,2003,9,2008,8777,3.0,4,0
169990,5,6,2005,2006,10,2006,10237,2.0,3,2
193000,5,6,1993,1994,7,2008,8012,2.0,2,2
207500,6,6,1980,1980,5,2006,10240,2.0,3,2
175000,6,5,1977,1977,3,2008,15611,2.0,3,2
285000,5,8,2003,2004,5,2007,11999,2.5,4,3
176000,5,7,1968,1968,4,2008,9900,2.5,4,2
236500,5,8,2001,2001,6,2009,11838,2.0,3,2
222000,5,7,1997,1997,11,2006,13006,2.5,4,2
201000,5,8,2007,2007,7,2009,8925,2.0,3,3
117500,6,5,1965,1965,7,2009,9100,1.0,2,1
320000,5,9,2006,2006,3,2007,11670,2.0,3,3
190000,5,7,2004,2004,8,2009,8487,2.0,3,2
242000,7,7,1960,2007,11,2008,27650,2.0,4,2
79900,5,4,1926,1953,6,2006,5825,1.0,1,2
184900,5,7,2003,2003,8,2009,10083,2.0,2,2
253000,5,7,2005,2005,2,2009,9675,2.5,3,2
239799,5,7,2006,2006,8,2006,8760,2.5,3,3
244400,7,7,1940,1950,6,2010,24090,2.0,4,1
150900,5,6,1976,1976,7,2006,12640,2.0,4,2
214000,5,7,1999,1999,6,2009,8755,2.5,3,2
150000,3,4,1977,1977,8,2007,7711,2.0,4,0
143000,4,5,1967,1967,6,2007,25000,2.0,4,2
137500,6,6,1958,1958,1,2009,14375,1.0,3,2
124900,6,5,1890,1996,9,2009,8820,1.0,2,2
143000,6,5,1959,1959,3,2006,8163,1.0,3,1
270000,5,8,2002,2003,11,2007,14536,2.0,3,3
192500,5,7,2002,2002,2,2006,14006,2.5,3,2
197500,7,6,1972,2006,3,2010,9360,1.5,3,2
129000,8,5,1950,2002,7,2007,7200,1.0,3,2
119900,5,5,1965,1965,7,2006,7800,1.0,3,1
133900,8,5,1972,2003,4,2009,7200,1.0,2,1
172000,4,5,1969,1969,9,2008,11075,2.5,4,2
127500,5,6,1975,1975,10,2006,9400,2.0,4,0
145000,6,6,1946,1950,8,2007,7136,2.0,4,2
124000,6,6,1980,1980,5,2009,1300,1.5,2,2
132000,5,5,1962,1962,4,2007,7420,1.0,3,2
185000,5,7,2003,2003,10,2007,8450,2.0,3,2
155000,5,7,1999,1999,5,2010,2572,2.5,3,2
116500,7,5,1958,2008,2,2010,7207,1.0,2,0
272000,7,6,1977,1995,7,2008,12227,2.5,4,2
155000,6,6,1976,1976,7,2007,2308,2.5,3,2
239000,5,9,2007,2007,5,2009,11923,2.0,2,2
214900,5,7,2002,2003,2,2010,11316,2.5,4,2
178900,5,6,2005,2007,7,2007,10237,2.5,3,2
160000,7,5,1940,1950,6,2009,9600,1.5,2,1
135000,7,5,1955,1955,7,2008,7390,1.0,3,1
37900,6,3,1910,1950,5,2009,5925,1.0,2,0
140000,5,6,1958,1958,3,2006,10382,1.0,2,1
135000,4,4,1949,1950,12,2006,10800,1.5,4,0
173000,5,7,2003,2004,7,2009,2268,2.0,2,2
99500,5,6,1979,1979,4,2010,7892,2.0,2,1
182000,5,7,2007,2008,12,2008,11639,2.0,3,2
167500,8,7,1910,1993,10,2009,11414,1.0,3,2
165000,5,7,2000,2000,4,2006,2651,2.5,3,2
85500,7,4,1923,1958,8,2006,5900,1.0,2,0
199900,5,7,2006,2007,11,2007,4274,1.5,1,2
110000,5,4,1954,1954,5,2007,9450,1.0,3,2
139000,6,5,1963,1963,6,2009,8816,1.0,3,2
178400,9,7,1961,2007,7,2008,12122,1.0,3,2
336000,5,8,1998,1999,7,2009,12203,2.5,4,3
159895,5,7,2007,2007,3,2008,3182,2.0,2,2
255900,5,8,2002,2002,5,2008,11250,2.5,4,2
126000,5,5,1977,1977,8,2009,10125,2.0,4,2
125000,5,5,1950,1950,8,2008,10880,1.0,3,1
117000,8,6,1910,2003,6,2006,5310,1.0,2,1
395192,5,9,2009,2010,4,2010,10159,2.5,3,3
195000,6,6,1976,1976,6,2007,12046,2.5,4,2
197000,5,7,2006,2006,8,2006,8125,2.5,3,2
348000,5,8,1997,1998,6,2006,9452,2.5,3,3
168000,9,8,1882,1986,11,2009,17671,1.5,4,2
187000,8,6,1964,1993,7,2007,9760,2.5,3,2
173900,5,6,2005,2006,8,2006,8846,2.5,3,2
337500,5,10,2006,2007,7,2009,12456,2.0,3,3
121600,7,4,1946,1950,8,2006,4712,1.5,3,1
136500,6,5,1961,1961,1,2006,10659,1.0,3,1
185000,6,6,1970,1970,2,2009,11717,2.0,2,2
91000,4,3,1922,1950,5,2006,9786,1.0,3,1
206000,5,7,2006,2006,2,2010,6762,2.0,2,2
82000,3,3,1952,1952,7,2009,10206,1.0,2,2
86000,6,5,1920,1950,1,2007,5400,1.0,2,1
232000,5,8,2006,2006,7,2008,11957,2.0,3,3
136905,6,5,1976,1976,6,2007,11500,2.0,4,2
181000,5,7,2005,2006,5,2009,3182,2.0,1,2
149900,8,5,1977,1977,11,2008,8385,2.0,3,1
163500,3,6,1970,1970,3,2007,12155,2.0,3,2
88000,4,4,1970,1970,8,2009,2217,1.5,3,1
240000,5,7,2004,2005,4,2009,12118,2.0,3,2
102000,5,5,1926,1950,6,2006,6000,2.0,4,0
135000,5,5,1948,1950,8,2008,21286,2.0,4,1
100000,5,5,1965,1965,5,2010,9825,2.0,4,0
165000,7,6,1923,1996,8,2007,10592,1.5,3,1
85000,4,5,1910,2006,6,2009,7200,1.0,2,1
119200,5,6,1948,1950,11,2007,11664,1.0,2,1
227000,6,8,2001,2001,11,2009,8400,2.5,3,2
203000,5,7,1996,1996,6,2009,11883,2.0,3,2
187500,5,8,1984,1984,8,2009,5814,1.0,1,2
160000,5,7,1991,1992,5,2007,10784,2.5,3,2
213490,5,7,2005,2005,4,2006,3013,2.0,2,2
176000,5,4,2005,2005,6,2008,7024,1.5,2,2
194000,5,7,2006,2006,7,2006,7406,2.0,2,2
87000,5,5,1930,1950,3,2007,9439,1.0,2,1
191000,5,7,2005,2006,5,2008,3182,2.0,2,2
287000,6,8,1976,1976,5,2008,15498,2.0,2,2
112500,5,5,1972,1972,3,2007,7700,1.0,3,2
167500,5,5,1960,1960,4,2010,9300,1.0,3,2
293077,5,8,2007,2008,4,2008,9520,2.0,3,3
105000,5,5,1941,1950,4,2007,9492,1.0,3,1
118000,7,6,1972,1972,5,2006,1680,1.5,3,1
160000,8,5,1916,1995,7,2006,7082,2.0,5,0
197000,3,7,1920,1970,8,2009,15863,2.5,5,2
310000,7,8,1993,1993,11,2006,14541,2.5,5,3
230000,5,7,2002,2002,2,2006,8125,2.0,3,3
119750,7,5,1938,1950,6,2007,6305,1.0,2,1
84000,3,4,1957,1957,1,2009,11500,1.0,3,1
315500,5,9,2007,2008,9,2009,12898,2.0,2,3
287000,5,8,2001,2002,9,2008,9240,2.5,3,2
97000,6,4,1970,2008,5,2009,1533,1.5,3,0
80000,4,4,1970,1970,4,2009,1477,1.0,1,1
155000,4,5,1957,2000,1,2006,13125,2.0,3,2
173000,8,6,1966,2000,7,2008,9130,1.5,4,2
196000,5,6,2005,2005,8,2009,5381,2.0,1,2
262280,5,7,1990,1990,5,2008,11839,2.5,4,2
278000,5,8,1981,1981,7,2009,9600,2.5,4,2
139600,5,3,1955,1955,6,2009,13680,2.0,4,2
556581,5,9,2005,2006,7,2006,16056,3.5,4,3
145000,5,5,1994,1995,2,2008,9245,1.0,3,2
115000,4,5,1960,2006,11,2009,21750,1.0,3,2
84900,7,4,1946,2006,4,2010,11100,1.0,2,1
176485,5,7,2007,2007,8,2007,8993,2.0,3,2
200141,5,7,2007,2007,10,2007,11175,2.0,3,2
165000,6,6,1964,1978,6,2007,9500,1.5,4,2
144500,6,5,1957,2002,5,2010,8562,1.0,4,1
255000,5,8,2002,2002,11,2006,11367,2.5,3,2
180000,5,6,1976,1976,5,2008,11361,2.0,3,2
185850,5,7,2005,2005,6,2006,7052,2.0,2,2
248000,6,7,1994,1994,1,2009,29959,2.5,3,2
335000,5,9,2008,2008,7,2009,11308,2.5,3,3
220000,7,6,1932,1950,3,2007,11275,1.5,3,2
213500,5,8,2001,2001,4,2010,4920,2.0,2,2
81000,4,3,1935,1950,8,2008,18000,1.0,2,3
90000,5,5,1900,1950,9,2007,13600,2.0,5,2
110500,6,6,1925,1980,7,2006,6000,1.0,2,2
154000,6,5,1966,1966,11,2009,11000,1.5,3,2
328000,5,7,1996,1997,4,2010,14000,2.5,3,2
178000,7,6,1993,1994,5,2009,7837,2.5,3,2
167900,6,6,1964,1964,6,2008,9760,1.5,4,2
151400,4,6,1973,1973,6,2006,3964,2.5,5,2
135000,7,5,1949,2003,5,2007,9600,1.0,2,2
135000,5,5,1956,1956,6,2007,10152,1.0,3,1
154000,6,6,1968,1968,5,2009,11700,1.5,4,2
91500,3,5,1948,1950,8,2006,7585,1.0,4,1
159500,6,6,1977,1977,7,2009,7950,1.5,3,2
194000,5,7,2006,2006,5,2007,8556,2.0,2,3
219500,6,7,1940,1984,7,2007,13125,1.5,3,1
170000,8,5,1936,1989,4,2006,10800,2.0,3,2
138800,5,5,1969,1969,3,2006,15870,1.0,3,1
155900,5,6,2004,2004,5,2006,4435,1.0,1,2
126000,5,5,1994,1994,4,2007,8775,1.0,3,1
145000,7,6,1971,2004,10,2008,11040,2.0,3,2
133000,5,5,1963,1963,6,2010,7500,1.5,3,1
192000,5,7,2002,2002,9,2007,8749,2.0,3,2
160000,6,6,1964,1964,3,2006,8800,1.0,3,1
187500,5,6,1995,1996,7,2006,13031,2.5,3,2
147000,6,6,1992,1992,4,2010,9069,1.0,2,2
83500,5,4,1973,1973,5,2010,1974,1.5,3,1
252000,5,8,2005,2006,5,2009,10574,2.5,3,3
137500,5,7,2004,2004,4,2006,2522,2.0,3,2
197000,5,8,2005,2005,4,2006,3316,1.5,1,2
92900,4,3,1950,1950,6,2009,8544,2.0,2,2
160000,5,7,1999,2000,3,2008,2160,2.5,2,2
136500,5,6,1925,1950,6,2008,8400,2.0,4,2
146000,8,5,1965,1998,10,2006,9230,1.5,1,2
129000,7,5,1956,2000,5,2010,5868,1.0,2,1
176432,5,6,2006,2006,3,2007,9317,2.0,3,2
127000,7,6,1914,2006,3,2007,6882,1.5,3,0
170000,5,8,1986,1986,10,2007,3696,1.5,2,2
128000,6,4,1936,1950,7,2009,6000,1.0,3,1
157000,5,7,1978,1978,4,2009,11880,2.0,3,2
60000,5,2,1920,1950,1,2009,8400,1.0,1,1
119500,5,5,1971,1971,7,2007,9758,1.0,3,1
135000,7,5,1960,2002,4,2007,7000,1.0,2,1
159500,6,6,1959,1959,7,2006,8910,1.0,3,2
106000,5,5,1970,1970,4,2007,2016,2.5,3,2
325000,5,8,1994,1995,4,2010,12256,2.5,3,2
179900,5,7,1990,1991,5,2007,10357,2.0,3,2
274725,5,7,2006,2006,9,2006,23257,2.5,3,2
181000,5,6,2000,2000,11,2007,8063,2.5,3,2
280000,5,8,2004,2005,3,2009,11362,2.0,3,3
188000,5,6,1995,1996,6,2008,8000,2.5,3,2
205000,6,7,1976,1976,9,2008,10480,2.5,4,2
129900,7,5,1957,1957,7,2006,7100,1.0,2,1
134500,7,5,1953,2006,5,2007,8923,1.0,2,1
117000,7,5,1954,2000,8,2006,5400,1.0,2,1
318000,5,8,2007,2007,11,2007,12085,2.0,3,3
184100,5,8,2002,2002,3,2009,7750,2.5,3,2
130000,7,5,1967,2003,5,2008,9764,1.0,3,2
140000,6,5,1958,1987,12,2008,13825,1.0,3,1
133700,5,5,1959,1959,7,2006,7560,1.0,3,1
118400,5,6,1920,1950,5,2007,8263,1.0,2,1
212900,5,7,2005,2006,7,2006,10084,2.0,3,3
112000,3,4,1956,1956,10,2009,8926,1.0,3,1
118000,9,5,1947,2008,6,2009,9405,1.0,2,0
163900,5,7,1992,1992,7,2007,9125,2.5,3,2
115000,5,4,1955,1955,11,2009,10434,1.0,2,2
174000,5,7,2007,2007,6,2009,3684,2.0,2,3
259000,5,7,2004,2004,11,2007,14572,2.0,3,3
215000,5,7,2004,2005,7,2007,11796,2.5,4,2
140000,5,5,1980,1980,8,2007,7200,1.0,2,2
135000,3,4,1928,1950,12,2009,7804,2.0,4,2
93500,5,5,1991,1992,9,2007,10712,1.0,3,0
117500,4,6,1880,1950,5,2007,9900,2.0,5,1
239500,5,8,1995,1995,6,2009,9828,2.5,3,2
169000,5,6,1997,1997,8,2007,8773,2.5,3,2
102000,5,6,1926,1950,5,2007,6180,1.0,2,1
119000,5,6,1950,1950,4,2008,9600,1.0,3,1
94000,8,5,1875,1996,5,2010,6342,1.0,2,0
196000,5,6,1977,1977,5,2009,9819,2.0,2,2
144000,5,5,1920,1950,5,2007,8731,1.0,3,2
139000,7,5,1951,1951,6,2008,7350,1.0,2,2
197500,7,5,1976,1976,10,2009,10304,2.5,4,2
424870,5,8,2006,2007,4,2007,9965,3.0,4,3
80000,3,5,1959,1959,7,2008,9000,1.0,3,0
80000,4,4,1941,1950,7,2010,12180,1.0,2,1
149000,6,5,1928,1950,8,2006,6240,1.0,3,1
180000,5,6,1985,1985,5,2006,11200,2.0,3,2
174500,7,7,1941,1950,7,2009,12000,1.5,3,1
116900,7,7,1926,1950,8,2008,5700,1.0,2,1
143000,9,7,1920,1988,7,2009,9000,1.0,3,2
124000,5,6,1950,1950,11,2007,8280,1.0,2,1
149900,4,5,1959,1959,11,2006,17755,1.5,3,2
230000,7,6,1956,2004,7,2006,14115,1.0,2,2
120500,8,6,1930,2007,6,2008,5890,1.0,2,1
201800,6,7,1965,1988,5,2008,13700,2.0,4,2
218000,8,5,1976,2004,7,2007,10768,2.0,3,2
179900,8,5,1965,1999,10,2008,9350,2.0,3,2
230000,5,7,2007,2008,7,2009,5001,2.0,2,2
235128,5,8,2007,2008,6,2008,11932,2.0,3,3
185000,6,6,1974,1974,7,2008,9120,2.5,4,2
146000,5,6,1978,1978,7,2010,2280,2.5,3,2
224000,7,6,1954,2006,11,2008,14778,1.0,3,2
129000,5,5,1968,1968,5,2007,8724,1.0,3,2
108959,4,4,1969,1969,1,2008,12900,1.0,0,2
194000,7,5,1978,1978,6,2007,16157,1.5,2,2
233170,5,7,2009,2009,9,2009,9541,2.0,3,2
245350,5,8,2008,2008,2,2010,10475,2.0,3,3
173000,5,6,2000,2000,2,2006,10852,2.5,3,2
235000,7,6,1935,1986,7,2008,13728,2.0,4,2
625000,5,10,1995,1996,7,2006,35760,3.5,4,3
171000,6,6,1977,1977,7,2008,9880,1.0,3,1
163000,6,6,1958,1958,11,2008,9120,1.0,3,2
171900,5,7,2006,2007,3,2008,4017,2.5,2,2
200500,6,5,1946,1994,3,2007,18030,3.0,3,0
239000,8,6,1932,1950,7,2006,16560,2.5,4,2
285000,5,8,1992,2000,4,2007,10678,2.5,4,2
119500,5,5,1984,1985,10,2008,6951,1.0,3,1
115000,8,6,1926,2004,12,2009,3950,1.0,3,1
154900,6,5,1921,1950,7,2009,7681,1.5,3,1
93000,5,5,1954,1954,4,2006,8335,1.0,3,0
250000,5,7,1990,1991,4,2006,11170,2.5,4,2
392500,5,8,2008,2008,11,2008,5587,2.0,2,2
745000,5,10,1996,1996,7,2007,15623,3.5,4,3
120000,6,5,1920,1950,6,2006,10800,1.0,2,2
186700,4,5,1963,1963,5,2007,35133,1.5,3,3
104900,7,5,1924,1950,3,2006,9738,1.0,4,1
95000,5,3,1900,1970,8,2009,10615,2.0,3,2
262000,5,8,1994,1995,7,2006,12461,2.0,2,3
195000,5,7,2002,2002,7,2009,8935,2.5,3,2
189000,5,7,1999,1999,6,2010,7500,2.5,3,2
168000,4,4,1961,1975,3,2007,32463,1.0,3,4
174000,5,8,1999,2000,11,2007,2645,2.5,2,2
125000,8,5,1925,1994,7,2007,9600,1.0,3,1
165000,5,6,1999,1999,6,2009,4500,2.0,2,2
158000,7,6,1969,1969,3,2010,9364,1.5,4,1
176000,5,6,2005,2005,7,2008,8029,2.5,3,2
219210,5,7,2006,2006,11,2006,14054,2.5,4,3
144000,6,7,1916,1950,7,2006,8850,1.0,3,1
178000,5,7,2001,2001,6,2009,9100,2.0,3,2
148000,5,4,1963,1979,10,2006,11235,1.5,3,2
116050,5,4,1970,1970,7,2006,9353,1.0,3,1
197900,5,7,1998,1998,3,2009,10400,2.5,3,2
117000,8,5,1925,1997,5,2009,6000,1.0,3,1
213000,5,7,2000,2001,10,2009,9750,2.0,3,2
153500,6,5,1975,1975,7,2006,10140,1.5,3,2
271900,7,7,1990,1991,6,2009,14684,2.0,3,3
107000,4,4,1966,1966,11,2006,8900,1.0,2,1
200000,5,6,2003,2003,5,2006,9135,2.0,3,2
140000,7,5,1962,1980,10,2008,7763,1.0,3,2
290000,5,8,2006,2006,5,2006,10182,2.0,3,2
189000,5,6,1992,1992,5,2010,11218,2.5,3,2
164000,7,8,1988,2005,6,2010,12134,2.0,4,2
113000,6,4,1941,1950,8,2009,9340,1.0,2,1
145000,9,4,1965,2001,5,2006,10246,0.0,0,1
134500,5,5,1962,1962,5,2006,10205,1.0,3,1
125000,5,5,1966,1966,5,2007,7094,1.0,3,1
112000,5,6,1978,1978,4,2010,8930,2.0,4,2
229456,5,8,2009,2009,9,2009,8640,2.0,3,2
80500,5,4,1947,1950,7,2006,6240,1.0,2,0
91500,5,6,1971,1971,4,2006,1680,1.5,3,0
115000,5,5,1964,1964,11,2006,7800,1.0,2,1
134000,5,5,1968,1968,8,2008,8250,1.0,3,1
143000,6,6,1949,1950,1,2007,10496,2.0,3,1
137900,3,5,1951,1951,10,2006,10680,2.0,4,2
184000,5,7,2004,2005,2,2008,15384,2.5,3,2
145000,8,6,1958,1958,6,2007,10482,1.0,3,1
214000,5,6,2007,2007,1,2008,14598,2.5,4,3
147000,8,5,1965,2008,12,2008,8872,1.0,2,2
367294,5,9,2008,2008,10,2008,8769,1.5,1,3
127000,5,5,1960,1960,8,2008,7910,2.0,4,1
190000,5,5,1977,1977,8,2007,18890,3.0,4,2
132500,6,5,1962,1962,5,2006,7728,1.0,3,2
101800,5,4,1962,1962,3,2007,9842,2.0,2,2
142000,5,5,1959,1959,5,2010,12160,1.0,3,2
130000,6,5,1911,1950,11,2008,8525,1.5,4,0
138887,5,5,1914,1950,7,2006,13132,1.5,4,1
175500,5,7,2003,2003,6,2010,2628,2.5,2,2
195000,5,7,2004,2005,9,2006,12393,2.5,4,2
142500,5,6,2005,2005,3,2006,13072,1.5,3,2
265900,5,8,2006,2006,12,2007,9037,2.0,2,2
224900,5,7,2003,2003,7,2008,8158,2.5,3,2
248328,6,7,2007,2007,6,2007,9849,2.0,3,3
170000,6,7,1974,1974,1,2010,10625,2.0,3,2
465000,5,10,2006,2006,9,2006,13891,2.5,2,3
230000,7,8,1929,1950,6,2006,11435,1.0,3,2
178000,7,6,1984,2003,1,2007,12090,3.5,3,2
186500,5,7,2005,2006,3,2006,8125,2.5,3,2
169900,5,6,1976,1976,5,2010,12328,1.0,3,3
129500,5,6,1917,1950,4,2008,9600,1.5,3,2
119000,7,5,1950,1950,5,2007,7200,1.0,3,1
244000,5,7,1968,1968,4,2010,11160,2.5,3,2
171750,5,7,2003,2003,3,2006,3136,2.0,2,2
130000,6,5,1968,1968,11,2009,9858,1.0,3,1
294000,7,7,1974,2003,7,2007,17542,2.5,3,2
165400,5,7,2003,2004,7,2008,6931,2.5,3,2
127500,6,6,1931,1950,11,2007,6240,1.0,3,1
301500,5,8,1994,1994,8,2008,14303,2.0,2,2
99900,8,5,1922,1950,7,2009,4060,1.0,2,0
190000,5,7,2005,2005,7,2008,9587,2.0,2,2
151000,8,6,1969,1969,7,2008,9750,1.5,3,2
181000,5,6,1999,1999,6,2009,24682,2.5,3,2
128900,6,5,1956,1956,6,2009,9600,1.0,2,1
161500,5,4,1957,1989,11,2009,11250,1.0,5,1
180500,6,6,1919,1950,7,2007,13515,1.0,3,2
181000,5,6,1998,1999,8,2008,4060,2.0,2,2
183900,5,7,1999,1999,3,2006,3735,2.5,3,2
122000,4,7,1910,1950,1,2007,10120,1.5,4,1
378500,5,9,2008,2009,5,2010,13214,2.0,3,3
381000,9,8,1935,1997,5,2008,14100,3.5,4,3
144000,5,5,1958,1958,7,2007,11344,1.5,3,1
260000,6,7,1979,1979,4,2010,23595,0.5,0,2
185750,7,6,1968,1968,8,2009,9156,2.0,3,2
137000,6,5,1965,1965,11,2006,13526,1.0,3,1
177000,7,6,1959,2006,5,2008,11512,1.0,2,1
139000,6,5,1910,2003,11,2007,5362,2.0,3,2
137000,5,5,1948,1950,7,2007,11345,2.0,4,2
162000,6,6,1972,1972,12,2009,12936,1.5,3,2
197900,5,6,1967,1976,6,2009,17871,1.5,3,2
237000,5,8,2002,2002,3,2008,9473,2.5,3,2
68400,4,4,1920,1950,4,2010,7500,1.0,2,2
227000,5,7,2002,2002,3,2009,9808,2.0,3,2
180000,5,7,1990,1990,7,2006,8049,2.0,2,2
150500,7,5,1977,2008,9,2009,8800,2.0,3,2
139000,5,6,1971,1971,4,2010,9400,3.0,4,0
169000,7,6,1919,1990,3,2010,9638,2.0,4,1
132500,6,6,1939,1950,5,2009,6000,1.0,4,1
143000,5,6,1963,1963,6,2010,9790,1.5,3,2
190000,5,5,1964,1964,6,2006,36500,2.0,4,2
278000,5,8,2000,2000,10,2009,5664,2.0,2,2
281000,5,8,2006,2006,10,2006,11065,2.5,3,3
180500,7,5,1964,1964,4,2010,14112,1.0,3,2
119500,7,5,1972,1972,2,2009,1680,2.5,3,1
107500,4,5,1892,1965,12,2009,6600,2.0,4,1
162900,5,7,1976,1976,3,2006,10140,2.5,4,2
115000,7,5,1955,1990,4,2006,8172,1.0,2,2
138500,5,5,1968,1968,11,2006,8400,1.5,3,1
155000,6,5,1963,1963,12,2008,8700,2.0,3,2
140000,5,6,2005,2006,6,2006,3675,2.0,2,2
160000,5,10,2008,2008,1,2008,63887,2.5,3,2
154000,7,5,1959,1994,5,2010,7500,1.5,3,1
225000,5,7,1999,1999,5,2009,10762,2.5,3,2
177500,7,6,1942,1950,11,2009,7500,1.0,3,1
290000,5,8,1994,1994,12,2006,10120,2.5,4,3
232000,5,7,2005,2005,4,2006,8688,2.0,3,3
130000,5,7,2004,2004,4,2006,3363,2.0,3,2
325000,5,9,2006,2007,11,2009,13173,2.0,2,2
202500,5,7,2005,2006,9,2006,6955,2.0,2,2
138000,5,5,1994,1995,5,2009,8072,1.0,3,2
147000,7,5,1948,2005,5,2008,12000,1.0,2,2
179200,5,6,1991,1991,6,2008,7153,2.0,3,2
335000,8,7,1959,2002,5,2010,17500,2.0,3,2
203000,5,7,2005,2007,1,2007,8814,2.0,3,2
302000,5,8,1990,1990,6,2007,9572,2.5,4,2
333168,5,9,1999,1999,5,2010,14774,2.5,4,3
119000,6,4,1954,1954,10,2007,8190,1.0,3,1
206900,5,6,1969,1969,6,2008,11075,2.5,4,2
295493,5,8,2008,2008,1,2009,10226,2.0,3,3
208900,5,7,2006,2007,4,2007,4230,2.0,2,2
275000,5,8,2001,2002,8,2006,14781,2.0,3,3
111000,5,4,1954,1954,2,2007,10215,1.0,3,1
156500,3,6,1957,1957,6,2009,8400,1.5,3,2
72500,6,3,1949,1950,7,2008,6627,1.0,2,1
190000,5,7,1992,1992,6,2010,10186,2.5,3,2
82500,7,4,1940,1950,12,2009,5330,1.0,2,0
147000,5,8,2006,2007,2,2007,9986,2.0,2,3
55000,4,4,1922,1950,1,2008,3636,1.0,2,0
79000,6,3,1931,2006,5,2007,4270,1.0,3,0
130500,9,5,1982,2008,10,2008,6600,1.0,3,1
256000,7,6,1920,1950,6,2008,10440,2.0,5,2
176500,5,7,1998,1998,6,2006,9084,2.5,3,2
227000,5,8,2006,2006,12,2007,10000,2.0,3,3
132500,5,5,1976,1976,7,2006,10780,1.0,3,2
100000,6,4,1938,1958,5,2009,8877,1.0,2,1
125500,6,5,1938,1995,7,2006,7200,1.5,2,1
125000,6,5,1970,1970,5,2009,2368,1.5,3,2
167900,5,6,1977,1977,4,2009,9650,2.0,2,2
135000,5,5,1973,1973,11,2008,9246,2.0,4,2
52500,4,4,1941,1950,3,2006,4118,1.0,2,0
200000,5,7,2002,2002,6,2006,13450,2.5,3,2
128500,7,5,1972,1972,6,2006,9560,1.0,3,1
123000,5,4,1971,1971,6,2007,8294,1.0,3,4
155000,5,6,2003,2004,7,2008,13695,1.0,3,2
228500,5,8,2002,2002,8,2007,9375,2.5,3,2
177000,6,6,1928,1950,3,2009,7558,1.5,3,2
155835,5,7,2006,2006,7,2007,11103,2.5,3,2
108500,4,4,1920,1950,7,2007,6000,1.0,2,1
262500,7,7,1968,2003,6,2006,20781,2.0,3,2
283463,5,8,2006,2007,5,2007,15306,2.0,3,3
215000,5,7,1998,1998,8,2007,16196,2.0,3,2
122000,5,8,1872,1987,12,2008,5250,2.0,4,0
200000,5,5,1969,1969,8,2009,11643,3.0,6,4
171000,6,6,1962,1962,3,2008,9247,1.5,4,2
134900,9,6,1937,2000,7,2009,6000,1.0,2,2
410000,5,8,1995,1996,3,2010,14720,2.5,4,3
235000,5,7,2000,2000,6,2008,10316,2.5,3,3
170000,6,7,1968,1992,9,2006,10192,3.0,4,2
110000,5,5,1966,1966,10,2008,9477,1.0,3,1
149900,6,5,1971,2008,4,2010,12537,1.5,3,2
177500,5,6,2000,2000,6,2010,2117,2.5,3,2
315000,5,9,2004,2005,9,2006,16737,2.0,3,3
189000,6,5,1921,1998,5,2008,9842,3.5,4,2
260000,5,7,2005,2005,6,2009,16158,2.0,3,2
104900,4,4,1920,2007,6,2009,12513,2.0,4,1
156932,5,6,2006,2007,3,2007,8499,2.5,3,2
144152,5,7,2005,2005,4,2006,3180,2.5,2,2
216000,5,7,2000,2000,1,2010,7500,2.5,3,2
193000,5,7,1999,1999,6,2008,9179,2.5,3,2
127000,6,5,1977,1977,7,2006,2665,2.0,4,1
144000,5,6,2003,2004,6,2009,4435,1.0,1,2
232000,5,8,2003,2003,5,2010,10635,2.0,3,2
105000,6,4,1920,1950,10,2009,5400,1.0,2,1
165500,6,6,1955,1996,10,2008,9600,1.0,3,1
274300,6,7,1998,1998,6,2006,9750,2.5,3,2
466500,5,10,2001,2002,3,2007,11400,2.5,2,3
250000,5,7,2005,2005,7,2008,10625,2.5,3,3
239000,5,8,2007,2007,12,2007,10991,2.0,3,3
91000,5,6,1930,1950,4,2008,6292,1.0,2,1
117000,5,5,1941,1960,7,2009,10998,2.0,3,2
83000,5,6,1973,1973,6,2006,1953,1.5,2,1
167500,5,5,2006,2007,5,2008,9735,2.5,3,2
58500,3,3,1914,1950,6,2010,8212,1.0,2,1
237500,7,6,1970,1970,5,2008,12925,2.5,4,2
157000,7,7,1920,1950,10,2006,7200,1.5,4,2
112000,7,5,1918,2007,8,2007,25339,2.0,3,2
105000,5,6,1939,1950,10,2009,9060,1.0,2,1
125500,8,4,1922,2007,5,2010,5436,1.0,3,1
250000,5,7,1978,1978,7,2006,16692,3.5,5,2
136000,7,6,1916,1950,8,2007,8520,2.0,5,1
377500,5,9,2006,2007,10,2009,14892,2.0,3,3
131000,6,6,1941,1950,3,2007,6000,1.0,3,2
235000,5,7,2000,2000,9,2006,9100,2.0,3,2
124000,5,5,1967,1967,4,2009,8944,2.0,4,3
123000,5,5,1967,1967,12,2006,7838,1.0,3,1
163000,7,6,1905,2000,4,2008,10800,2.0,3,2
246578,5,7,2006,2006,10,2006,4045,2.0,2,3
281213,5,8,2005,2006,2,2007,12665,2.5,4,3
160000,5,5,1948,1950,6,2010,57200,1.0,3,2
137500,8,5,1920,2004,5,2007,6120,1.5,4,1
138000,4,5,1950,1982,5,2009,7200,1.5,3,1
137450,6,6,1925,1990,10,2009,6171,2.5,3,1
120000,7,6,1929,1950,7,2008,6000,1.0,3,1
193000,5,6,2004,2004,4,2008,7415,2.5,3,2
193879,5,7,2006,2006,7,2006,6762,2.0,2,2
282922,5,8,2007,2007,8,2007,15256,2.0,3,3
105000,4,3,1915,1950,1,2006,10410,1.0,3,3
275000,5,8,2004,2005,1,2008,3842,2.0,2,2
133000,7,5,1972,2007,3,2009,8445,1.0,2,2
112000,5,5,1985,1985,3,2009,8780,1.0,3,0
125500,7,4,1910,1950,6,2010,7740,1.0,3,2
215000,6,7,1986,1991,11,2008,20544,2.5,3,2
230000,5,7,2001,2001,6,2009,12420,2.5,3,2
140000,8,6,1950,2005,9,2009,9600,1.5,3,1
90000,5,4,1949,1950,6,2009,7200,2.0,2,2
257000,5,8,2005,2006,9,2009,10994,2.0,2,2
207000,7,6,1923,2000,6,2008,13053,1.5,4,2
175900,5,7,2007,2007,5,2009,3635,2.0,1,3
122500,6,4,1885,1950,4,2010,11340,2.0,4,2
340000,5,8,1998,1998,5,2009,16545,2.5,3,3
124000,5,5,1963,1963,8,2008,9204,1.5,3,1
223000,5,6,1969,1969,12,2006,16381,2.0,3,2
179900,6,6,1968,1968,5,2006,11700,2.5,3,2
127500,5,6,1977,1977,7,2010,4043,2.0,2,2
136500,5,6,2003,2003,3,2008,4435,1.0,1,2
274970,7,6,1966,1966,8,2006,19690,2.0,4,2
144000,5,5,1958,1983,6,2007,9503,1.0,2,1
142000,6,6,1959,1959,10,2008,10721,1.0,3,2
271000,5,7,1994,1994,8,2008,10944,2.5,3,2
140000,6,5,1945,1950,4,2008,10930,1.5,3,1
119000,7,5,1940,1992,2,2010,7200,1.0,2,1
182900,7,6,1981,1981,4,2007,12546,2.0,3,2
192140,5,5,2005,2005,7,2006,21930,2.5,4,2
143750,6,6,1976,1976,10,2009,4928,2.0,2,2
64500,6,4,1927,2007,8,2007,10800,2.0,4,1
186500,5,6,2000,2000,5,2008,10261,2.5,3,2
160000,5,5,1977,1977,5,2006,17400,2.0,3,2
174000,9,6,1962,2005,7,2008,8400,1.5,3,2
120500,6,4,1971,1971,5,2007,9000,1.0,3,2
394617,5,8,2008,2008,11,2008,12444,2.0,2,3
149700,7,6,1957,1996,4,2010,7407,1.0,2,2
197000,6,7,1979,1979,11,2007,11584,2.5,3,2
191000,7,6,1922,1994,9,2008,11526,2.0,3,2
149300,5,6,2004,2004,5,2008,4426,1.0,1,2
310000,5,10,2008,2008,4,2009,11003,2.5,3,3
121000,6,6,1916,1950,5,2009,8854,1.0,2,1
179600,5,7,2004,2004,11,2007,8500,2.0,3,2
129000,5,6,1966,1966,5,2007,8400,1.0,3,1
157900,7,5,1962,1962,4,2010,26142,1.0,3,1
240000,5,8,1995,1996,12,2007,10000,2.5,3,2
112000,7,4,1910,2000,5,2007,11767,1.5,2,1
92000,7,5,1970,1970,8,2006,1533,1.0,1,0
136000,5,5,1974,1974,9,2009,9000,3.0,4,0
287090,5,8,2008,2009,5,2009,9262,2.0,3,3
145000,5,5,2005,2005,5,2006,3675,1.0,2,2
84500,5,5,2006,2006,7,2006,17217,1.0,3,0
185000,5,7,2004,2005,10,2009,7500,2.0,2,2
175000,5,6,1999,2000,8,2007,7917,2.5,3,2
210000,6,6,1978,1988,2,2010,13175,2.0,3,2
266500,9,7,1941,2006,5,2010,9042,2.0,4,1
142125,6,5,1950,1996,4,2010,9717,1.0,2,1
147500,6,5,1965,1965,6,2008,9937,1.5,3,1
